route_id,origin_id,destination_id,distance,average_hours
R1,C1,C2,1735.06,34.7
R2,C1,C3,1498.24,29.96
R3,C1,C4,6078.46,121.57
R4,C1,C5,1543.01,30.86
R5,C1,C6,310.75,6.22
R6,C1,C7,1810.21,36.2
R7,C1,C8,2637.04,52.74
R8,C1,C9,1050.84,21.02
R9,C1,C10,38.1,0.76
R10,C1,C11,688.91,13.78
R11,C1,C12,728.4,14.57
R12,C1,C13,433.01,8.66
R13,C1,C14,452.19,9.04
R14,C1,C15,934.7,18.69
R15,C1,C16,239.93,4.8
R16,C1,C17,207.01,4.14
R17,C1,C18,1572.11,31.44
R18,C1,C19,167.88,3.36
R19,C1,C20,211.56,4.23
R20,C1,C21,914.29,18.29
R21,C1,C22,6299.63,125.99
R22,C1,C23,440.71,8.81
R23,C1,C24,7053.45,141.07
R24,C1,C25,93.45,1.87
R25,C1,C26,910.4,18.21
R26,C1,C27,672.64,13.45
R27,C1,C28,860.1,17.2
R28,C1,C29,755.31,15.11
R29,C1,C30,1048.57,20.97
R30,C1,C31,535.94,10.72
R31,C1,C32,366.88,7.34
R32,C1,C33,155.21,3.1
R33,C1,C34,107.61,2.15
R34,C1,C35,1014.75,20.3
R35,C1,C36,788.25,15.76
R36,C1,C37,710.27,14.21
R37,C1,C38,8964.48,179.29
R38,C1,C39,895.97,17.92
R39,C1,C40,310.71,6.21
R40,C1,C41,5315.1,106.3
R41,C1,C42,110.4,2.21
R42,C1,C43,585.34,11.71
R43,C1,C44,8518.61,170.37
R44,C1,C45,155.49,3.11
R45,C1,C46,402.53,8.05
R46,C1,C47,867.28,17.35
R47,C1,C48,235.89,4.72
R48,C1,C49,239.78,4.8
R49,C2,C1,1735.06,34.7
R50,C2,C3,1957.36,39.15
R51,C2,C4,7637.65,152.75
R52,C2,C5,1912.18,38.24
R53,C2,C6,1666.2,33.32
R54,C2,C7,447,8.94
R55,C2,C8,1555.46,31.11
R56,C2,C9,2135.85,42.72
R57,C2,C10,1719.44,34.39
R58,C2,C11,2045.33,40.91
R59,C2,C12,1668.64,33.37
R60,C2,C13,1424.09,28.48
R61,C2,C14,1761.12,35.22
R62,C2,C15,2081.68,41.63
R63,C2,C16,1553.72,31.07
R64,C2,C17,1932.25,38.65
R65,C2,C18,2584.92,51.7
R66,C2,C19,1900.97,38.02
R67,C2,C20,1540.6,30.81
R68,C2,C21,2047.94,40.96
R69,C2,C22,6992.44,139.85
R70,C2,C23,1791.75,35.84
R71,C2,C24,8744.35,174.89
R72,C2,C25,1654.66,33.09
R73,C2,C26,2046.16,40.92
R74,C2,C27,1816.14,36.32
R75,C2,C28,904.14,18.08
R76,C2,C29,1617.66,32.35
R77,C2,C30,2192.82,43.86
R78,C2,C31,1320.01,26.4
R79,C2,C32,1994.61,39.89
R80,C2,C33,1585.58,31.71
R81,C2,C34,1745.83,34.92
R82,C2,C35,2203.95,44.08
R83,C2,C36,1848.18,36.96
R84,C2,C37,1920.96,38.42
R85,C2,C38,8291.36,165.83
R86,C2,C39,1779.18,35.58
R87,C2,C40,1879.83,37.6
R88,C2,C41,6713.97,134.28
R89,C2,C42,1648.47,32.97
R90,C2,C43,1207.34,24.15
R91,C2,C44,8157.87,163.16
R92,C2,C45,1890.43,37.81
R93,C2,C46,1758.52,35.17
R94,C2,C47,884.53,17.69
R95,C2,C48,1664.76,33.3
R96,C2,C49,1782.66,35.65
R97,C3,C1,1498.24,29.96
R98,C3,C2,1957.36,39.15
R99,C3,C4,7031.18,140.62
R100,C3,C5,89.4,1.79
R101,C3,C6,1769.37,35.39
R102,C3,C7,2324.22,46.48
R103,C3,C8,3438.47,68.77
R104,C3,C9,657.5,13.15
R105,C3,C10,1528,30.56
R106,C3,C11,2186.33,43.73
R107,C3,C12,770.99,15.42
R108,C3,C13,1177.33,23.55
R109,C3,C14,1933.12,38.66
R110,C3,C15,2430.33,48.61
R111,C3,C16,1314.96,26.3
R112,C3,C17,1619.87,32.4
R113,C3,C18,746.72,14.93
R114,C3,C19,1522.13,30.44
R115,C3,C20,1539.6,30.79
R116,C3,C21,2408.09,48.16
R117,C3,C22,7773.21,155.46
R118,C3,C23,1929.18,38.58
R119,C3,C24,7654.22,153.08
R120,C3,C25,1525.84,30.52
R121,C3,C26,2404.23,48.08
R122,C3,C27,2148.42,42.97
R123,C3,C28,1362.99,27.26
R124,C3,C29,2157.81,43.16
R125,C3,C30,2546.36,50.93
R126,C3,C31,1155.04,23.1
R127,C3,C32,1323.9,26.48
R128,C3,C33,1507.55,30.15
R129,C3,C34,1604.25,32.08
R130,C3,C35,2512.99,50.26
R131,C3,C36,2260.36,45.21
R132,C3,C37,2201.74,44.03
R133,C3,C38,7466.27,149.33
R134,C3,C39,2337.74,46.75
R135,C3,C40,1805.54,36.11
R136,C3,C41,6501.25,130.02
R137,C3,C42,1544.44,30.89
R138,C3,C43,1668.41,33.37
R139,C3,C44,9908.05,198.16
R140,C3,C45,1537.77,30.76
R141,C3,C46,1886.36,37.73
R142,C3,C47,1404.5,28.09
R143,C3,C48,1264.15,25.28
R144,C3,C49,1736.69,34.73
R145,C4,C1,6078.46,121.57
R146,C4,C2,7637.65,152.75
R147,C4,C3,7031.18,140.62
R148,C4,C5,7119.27,142.39
R149,C4,C6,6036,120.72
R150,C4,C7,7445.85,148.92
R151,C4,C8,7285.6,145.71
R152,C4,C9,6393.13,127.86
R153,C4,C10,6077.97,121.56
R154,C4,C11,5609.5,112.19
R155,C4,C12,6567.37,131.35
R156,C4,C13,6499.22,129.98
R157,C4,C14,5911.45,118.23
R158,C4,C15,5555.98,111.12
R159,C4,C16,6312.34,126.25
R160,C4,C17,5872.92,117.46
R161,C4,C18,6386.07,127.72
R162,C4,C19,5940.44,118.81
R163,C4,C20,6221.87,124.44
R164,C4,C21,5589.71,111.79
R165,C4,C22,2779.33,55.59
R166,C4,C23,5885.1,117.7
R167,C4,C24,1351,27.02
R168,C4,C25,6131.57,122.63
R169,C4,C26,5591.49,111.83
R170,C4,C27,5827.55,116.55
R171,C4,C28,6910.51,138.21
R172,C4,C29,6020.14,120.4
R173,C4,C30,5445.81,108.92
R174,C4,C31,6609.09,132.18
R175,C4,C32,5979.97,119.6
R176,C4,C33,6196.6,123.93
R177,C4,C34,6025.38,120.51
R178,C4,C35,5433.74,108.67
R179,C4,C36,5789.9,115.8
R180,C4,C37,5723.07,114.46
R181,C4,C38,8354.9,167.1
R182,C4,C39,5860.91,117.22
R183,C4,C40,5843.85,116.88
R184,C4,C41,1103.33,22.07
R185,C4,C42,6129.03,122.58
R186,C4,C43,6479.33,129.59
R187,C4,C44,5079.24,101.58
R188,C4,C45,5940.98,118.82
R189,C4,C46,5924.42,118.49
R190,C4,C47,6905.99,138.12
R191,C4,C48,6249.25,124.98
R192,C4,C49,5946.92,118.94
R193,C5,C1,1543.01,30.86
R194,C5,C2,1912.18,38.24
R195,C5,C3,89.4,1.79
R196,C5,C4,7119.27,142.39
R197,C5,C6,1806.27,36.13
R198,C5,C7,2288.87,45.78
R199,C5,C8,3408.52,68.17
R200,C5,C9,740.08,14.8
R201,C5,C10,1571.49,31.43
R202,C5,C11,2231.91,44.64
R203,C5,C12,814.7,16.29
R204,C5,C13,1204.72,24.09
R205,C5,C14,1971.52,39.43
R206,C5,C15,2471.31,49.43
R207,C5,C16,1351.18,27.02
R208,C5,C17,1672.64,33.45
R209,C5,C18,830.87,16.62
R210,C5,C19,1575.17,31.5
R211,C5,C20,1573.2,31.46
R212,C5,C21,2448.19,48.96
R213,C5,C22,7829.96,156.6
R214,C5,C23,1969.11,39.38
R215,C5,C24,7742.7,154.85
R216,C5,C25,1565.87,31.32
R217,C5,C26,2444.36,48.89
R218,C5,C27,2184.68,43.69
R219,C5,C28,1355.44,27.11
R220,C5,C29,2184.7,43.69
R221,C5,C30,2588.97,51.78
R222,C5,C31,1174.26,23.49
R223,C5,C32,1385.36,27.71
R224,C5,C33,1544,30.88
R225,C5,C34,1647.94,32.96
R226,C5,C35,2556.98,51.14
R227,C5,C36,2295.4,45.91
R228,C5,C37,2241.46,44.83
R229,C5,C38,7423.61,148.47
R230,C5,C39,2367.72,47.35
R231,C5,C40,1852.14,37.04
R232,C5,C41,6582.97,131.66
R233,C5,C42,1583.89,31.68
R234,C5,C43,1682.59,33.65
R235,C5,C44,9909.95,198.2
R236,C5,C45,1589.99,31.8
R237,C5,C46,1925.58,38.51
R238,C5,C47,1396.83,27.94
R239,C5,C48,1307.65,26.15
R240,C5,C49,1779.94,35.6
R241,C6,C1,310.75,6.22
R242,C6,C2,1666.2,33.32
R243,C6,C3,1769.37,35.39
R244,C6,C4,6036,120.72
R245,C6,C5,1806.27,36.13
R246,C6,C7,1663.48,33.27
R247,C6,C8,2392.77,47.86
R248,C6,C9,1358.36,27.17
R249,C6,C10,273,5.46
R250,C6,C11,470.26,9.41
R251,C6,C12,1000.56,20.01
R252,C6,C13,618.75,12.38
R253,C6,C14,167.91,3.36
R254,C6,C15,670.83,13.42
R255,C6,C16,455.09,9.1
R256,C6,C17,369.9,7.4
R257,C6,C18,1882.46,37.65
R258,C6,C19,414.27,8.29
R259,C6,C20,240.42,4.81
R260,C6,C21,645.31,12.91
R261,C6,C22,6068.74,121.37
R262,C6,C23,174.94,3.5
R263,C6,C24,7081.37,141.63
R264,C6,C25,250.02,5
R265,C6,C26,641.57,12.83
R266,C6,C27,379.11,7.58
R267,C6,C28,879.04,17.58
R268,C6,C29,445.41,8.91
R269,C6,C30,793.44,15.87
R270,C6,C31,689.34,13.79
R271,C6,C32,663.33,13.27
R272,C6,C33,262.27,5.25
R273,C6,C34,214.42,4.29
R274,C6,C35,768.78,15.38
R275,C6,C36,492.14,9.84
R276,C6,C37,439,8.78
R277,C6,C38,9226.52,184.53
R278,C6,C39,588.22,11.76
R279,C6,C40,218.31,4.37
R280,C6,C41,5213.64,104.27
R281,C6,C42,229.5,4.59
R282,C6,C43,458.91,9.18
R283,C6,C44,8215.84,164.32
R284,C6,C45,391.87,7.84
R285,C6,C46,128.77,2.58
R286,C6,C47,871.28,17.43
R287,C6,C48,516.77,10.34
R288,C6,C49,139.34,2.79
R289,C7,C1,1810.21,36.2
R290,C7,C2,447,8.94
R291,C7,C3,2324.22,46.48
R292,C7,C4,7445.85,148.92
R293,C7,C5,2288.87,45.78
R294,C7,C6,1663.48,33.27
R295,C7,C8,1129.55,22.59
R296,C7,C9,2407.52,48.15
R297,C7,C10,1786.2,35.72
R298,C7,C11,1960.92,39.22
R299,C7,C12,1918.91,38.38
R300,C7,C13,1591.43,31.83
R301,C7,C14,1717.82,34.36
R302,C7,C15,1935.67,38.71
R303,C7,C16,1676.61,33.53
R304,C7,C17,1986.02,39.72
R305,C7,C18,2895.06,57.9
R306,C7,C19,1977.35,39.55
R307,C7,C20,1600.47,32.01
R308,C7,C21,1903.36,38.07
R309,C7,C22,6586.08,131.72
R310,C7,C23,1752.15,35.04
R311,C7,C24,8637.35,172.75
R312,C7,C25,1720.16,34.4
R313,C7,C26,1902.4,38.05
R314,C7,C27,1715.93,34.32
R315,C7,C28,1095.32,21.91
R316,C7,C29,1493.09,29.86
R317,C7,C30,2031.49,40.63
R318,C7,C31,1504.33,30.09
R319,C7,C32,2123.45,42.47
R320,C7,C33,1655,33.1
R321,C7,C34,1793.17,35.86
R322,C7,C35,2053.11,41.06
R323,C7,C36,1719.19,34.38
R324,C7,C37,1817.5,36.35
R325,C7,C38,8658.94,173.18
R326,C7,C39,1618.56,32.37
R327,C7,C40,1881.47,37.63
R328,C7,C41,6466.25,129.32
R329,C7,C42,1708.7,34.17
R330,C7,C43,1230.34,24.61
R331,C7,C44,7727.85,154.56
R332,C7,C45,1962.32,39.25
R333,C7,C46,1728.39,34.57
R334,C7,C47,1062.45,21.25
R335,C7,C48,1799.43,35.99
R336,C7,C49,1796.05,35.92
R337,C8,C1,2637.04,52.74
R338,C8,C2,1555.46,31.11
R339,C8,C3,3438.47,68.77
R340,C8,C4,7285.6,145.71
R341,C8,C5,3408.52,68.17
R342,C8,C6,2392.77,47.86
R343,C8,C7,1129.55,22.59
R344,C8,C9,3440.52,68.81
R345,C8,C10,2603.82,52.08
R346,C8,C11,2493.25,49.86
R347,C8,C12,2947.83,58.96
R348,C8,C13,2556.16,51.12
R349,C8,C14,2369.56,47.39
R350,C8,C15,2339.76,46.8
R351,C8,C16,2581.71,51.63
R352,C8,C17,2760.85,55.22
R353,C8,C18,3956.92,79.14
R354,C8,C19,2787.59,55.75
R355,C8,C20,2432.45,48.65
R356,C8,C21,2316.89,46.34
R357,C8,C22,5787.47,115.75
R358,C8,C23,2404.51,48.09
R359,C8,C24,8616.32,172.33
R360,C8,C25,2544.15,50.88
R361,C8,C26,2317.97,46.36
R362,C8,C27,2261.18,45.22
R363,C8,C28,2130.68,42.61
R364,C8,C29,2039.82,40.8
R365,C8,C30,2381.68,47.63
R366,C8,C31,2494.21,49.88
R367,C8,C32,2995.85,59.92
R368,C8,C33,2492.82,49.86
R369,C8,C34,2581.36,51.63
R370,C8,C35,2424.38,48.49
R371,C8,C36,2204.52,44.09
R372,C8,C37,2336.38,46.73
R373,C8,C38,9183.35,183.67
R374,C8,C39,2057.95,41.16
R375,C8,C40,2585.03,51.7
R376,C8,C41,6202.89,124.06
R377,C8,C42,2526.66,50.53
R378,C8,C43,2075.73,41.51
R379,C8,C44,6602.7,132.05
R380,C8,C45,2767.43,55.35
R381,C8,C46,2401.32,48.03
R382,C8,C47,2091.61,41.83
R383,C8,C48,2707.17,54.14
R384,C8,C49,2531.01,50.62
R385,C9,C1,1050.84,21.02
R386,C9,C2,2135.85,42.72
R387,C9,C3,657.5,13.15
R388,C9,C4,6393.13,127.86
R389,C9,C5,740.08,14.8
R390,C9,C6,1358.36,27.17
R391,C9,C7,2407.52,48.15
R392,C9,C8,3440.52,68.81
R393,C9,C10,1087.41,21.75
R394,C9,C11,1696.94,33.94
R395,C9,C12,493.35,9.87
R396,C9,C13,905.49,18.11
R397,C9,C14,1502.04,30.04
R398,C9,C15,1963.03,39.26
R399,C9,C16,952.33,19.05
R400,C9,C17,1106.98,22.14
R401,C9,C18,538.87,10.78
R402,C9,C19,1013.27,20.27
R403,C9,C20,1170.78,23.42
R404,C9,C21,1947.06,38.94
R405,C9,C22,7180.77,143.62
R406,C9,C23,1487.82,29.76
R407,C9,C24,7092.72,141.85
R408,C9,C25,1110.84,22.22
R409,C9,C26,1943.16,38.86
R410,C9,C27,1722,34.44
R411,C9,C28,1319.55,26.39
R412,C9,C29,1795.25,35.9
R413,C9,C30,2065.64,41.31
R414,C9,C31,950.15,19
R415,C9,C32,769.05,15.38
R416,C9,C33,1120.7,22.41
R417,C9,C34,1156.22,23.12
R418,C9,C35,2024.48,40.49
R419,C9,C36,1837.69,36.75
R420,C9,C37,1750.04,35
R421,C9,C38,7978.21,159.56
R422,C9,C39,1946.17,38.92
R423,C9,C40,1324.85,26.5
R424,C9,C41,5843.75,116.88
R425,C9,C42,1132.08,22.64
R426,C9,C43,1430.32,28.61
R427,C9,C44,9566.33,191.33
R428,C9,C45,1033.62,20.67
R429,C9,C46,1452.11,29.04
R430,C9,C47,1356.29,27.13
R431,C9,C48,852.12,17.04
R432,C9,C49,1282.98,25.66
R433,C10,C1,38.1,0.76
R434,C10,C2,1719.44,34.39
R435,C10,C3,1528,30.56
R436,C10,C4,6077.97,121.56
R437,C10,C5,1571.49,31.43
R438,C10,C6,273,5.46
R439,C10,C7,1786.2,35.72
R440,C10,C8,2603.82,52.08
R441,C10,C9,1087.41,21.75
R442,C10,C11,661.29,13.23
R443,C10,C12,757.39,15.15
R444,C10,C13,444.02,8.88
R445,C10,C14,416.87,8.34
R446,C10,C15,903.25,18.07
R447,C10,C16,251.66,5.03
R448,C10,C17,214.41,4.29
R449,C10,C18,1609.6,32.19
R450,C10,C19,191.76,3.84
R451,C10,C20,185.73,3.71
R452,C10,C21,882.21,17.64
R453,C10,C22,6274.74,125.49
R454,C10,C23,406.64,8.13
R455,C10,C24,7061.87,141.24
R456,C10,C25,66.17,1.32
R457,C10,C26,878.33,17.57
R458,C10,C27,637.33,12.75
R459,C10,C28,851.76,17.04
R460,C10,C29,717.3,14.35
R461,C10,C30,1018.36,20.37
R462,C10,C31,543.09,10.86
R463,C10,C32,403.56,8.07
R464,C10,C33,134.12,2.68
R465,C10,C34,76.48,1.53
R466,C10,C35,985.52,19.71
R467,C10,C36,752.82,15.06
R468,C10,C37,677.39,13.55
R469,C10,C38,8994.17,179.88
R470,C10,C39,859,17.18
R471,C10,C40,286.81,5.74
R472,C10,C41,5306.97,106.14
R473,C10,C42,78.82,1.58
R474,C10,C43,558.55,11.17
R475,C10,C44,8482.92,169.66
R476,C10,C45,176.12,3.52
R477,C10,C46,367.45,7.35
R478,C10,C47,857.17,17.14
R479,C10,C48,263.95,5.28
R480,C10,C49,208.69,4.17
R481,C11,C1,688.91,13.78
R482,C11,C2,2045.33,40.91
R483,C11,C3,2186.33,43.73
R484,C11,C4,5609.5,112.19
R485,C11,C5,2231.91,44.64
R486,C11,C6,470.26,9.41
R487,C11,C7,1960.92,39.22
R488,C11,C8,2493.25,49.86
R489,C11,C9,1696.94,33.94
R490,C11,C10,661.29,13.23
R491,C11,C12,1417.26,28.35
R492,C11,C13,1077.52,21.55
R493,C11,C14,313.89,6.28
R494,C11,C15,274.13,5.48
R495,C11,C16,897.96,17.96
R496,C11,C17,589.99,11.8
R497,C11,C18,2185.1,43.7
R498,C11,C19,684.27,13.69
R499,C11,C20,705.5,14.11
R500,C11,C21,267.04,5.34
R501,C11,C22,5615.56,112.31
R502,C11,C23,296.62,5.93
R503,C11,C24,6705.03,134.1
R504,C11,C25,675.3,13.51
R505,C11,C26,263.46,5.27
R506,C11,C27,247.63,4.95
R507,C11,C28,1332.37,26.65
R508,C11,C29,478.18,9.56
R509,C11,C30,368.7,7.37
R510,C11,C31,1156.15,23.12
R511,C11,C32,932.44,18.65
R512,C11,C33,713.2,14.26
R513,C11,C34,584.86,11.7
R514,C11,C35,329.14,6.58
R515,C11,C36,289.42,5.79
R516,C11,C37,157.29,3.15
R517,C11,C38,9651.62,193.03
R518,C11,C39,439.82,8.8
R519,C11,C40,381.21,7.62
R520,C11,C41,4757.91,95.16
R521,C11,C42,660.09,13.2
R522,C11,C43,873.53,17.47
R523,C11,C44,7874.83,157.5
R524,C11,C45,664.67,13.29
R525,C11,C46,342.19,6.84
R526,C11,C47,1319.56,26.39
R527,C11,C48,924.53,18.49
R528,C11,C49,454.49,9.09
R529,C12,C1,728.4,14.57
R530,C12,C2,1668.64,33.37
R531,C12,C3,770.99,15.42
R532,C12,C4,6567.37,131.35
R533,C12,C5,814.7,16.29
R534,C12,C6,1000.56,20.01
R535,C12,C7,1918.91,38.38
R536,C12,C8,2947.83,58.96
R537,C12,C9,493.35,9.87
R538,C12,C10,757.39,15.15
R539,C12,C11,1417.26,28.35
R540,C12,C13,442.12,8.84
R541,C12,C14,1162.96,23.26
R542,C12,C15,1659.34,33.19
R543,C12,C16,548.97,10.98
R544,C12,C17,864.59,17.29
R545,C12,C18,1016.07,20.32
R546,C12,C19,768.36,15.37
R547,C12,C20,776.33,15.53
R548,C12,C21,1637.16,32.74
R549,C12,C22,7021.21,140.42
R550,C12,C23,1158.38,23.17
R551,C12,C24,7389.58,147.79
R552,C12,C25,755.21,15.1
R553,C12,C26,1633.3,32.67
R554,C12,C27,1379.59,27.59
R555,C12,C28,827.24,16.54
R556,C12,C29,1404.13,28.08
R557,C12,C30,1775.62,35.51
R558,C12,C31,465.05,9.3
R559,C12,C32,616.25,12.32
R560,C12,C33,740.01,14.8
R561,C12,C34,833.76,16.68
R562,C12,C35,1742.84,34.86
R563,C12,C36,1492.53,29.85
R564,C12,C37,1430.92,28.62
R565,C12,C38,8236.81,164.74
R566,C12,C39,1576.84,31.54
R567,C12,C40,1037.5,20.75
R568,C12,C41,5907.05,118.14
R569,C12,C42,774.08,15.48
R570,C12,C43,968.56,19.37
R571,C12,C44,9192.19,183.84
R572,C12,C45,781.41,15.63
R573,C12,C46,1115.83,22.32
R574,C12,C47,863.47,17.27
R575,C12,C48,493.44,9.87
R576,C12,C49,966.04,19.32
R577,C13,C1,433.01,8.66
R578,C13,C2,1424.09,28.48
R579,C13,C3,1177.33,23.55
R580,C13,C4,6499.22,129.98
R581,C13,C5,1204.72,24.09
R582,C13,C6,618.75,12.38
R583,C13,C7,1591.43,31.83
R584,C13,C8,2556.16,51.12
R585,C13,C9,905.49,18.11
R586,C13,C10,444.02,8.88
R587,C13,C11,1077.52,21.55
R588,C13,C12,442.12,8.84
R589,C13,C14,786.66,15.73
R590,C13,C15,1289.28,25.79
R591,C13,C16,193.12,3.86
R592,C13,C17,631.07,12.62
R593,C13,C18,1442.2,28.84
R594,C13,C19,558.82,11.18
R595,C13,C20,378.61,7.57
R596,C13,C21,1263.13,25.26
R597,C13,C22,6687.32,133.75
R598,C13,C23,791.08,15.82
R599,C13,C24,7437.22,148.74
R600,C13,C25,408.98,8.18
R601,C13,C26,1259.42,25.19
R602,C13,C27,989.85,19.8
R603,C13,C28,520.28,10.41
R604,C13,C29,980.64,19.61
R605,C13,C30,1412.2,28.24
R606,C13,C31,113.1,2.26
R607,C13,C32,576.9,11.54
R608,C13,C33,364.33,7.29
R609,C13,C34,512.74,10.25
R610,C13,C35,1386.89,27.74
R611,C13,C36,1096.97,21.94
R612,C13,C37,1057.44,21.15
R613,C13,C38,8611.88,172.24
R614,C13,C39,1163.16,23.26
R615,C13,C40,723.35,14.47
R616,C13,C41,5747.84,114.96
R617,C13,C42,420.95,8.42
R618,C13,C43,528.34,10.57
R619,C13,C44,8755.34,175.11
R620,C13,C45,559.02,11.18
R621,C13,C46,745.32,14.91
R622,C13,C47,543.35,10.87
R623,C13,C48,257.16,5.14
R624,C13,C49,629.9,12.6
R625,C14,C1,452.19,9.04
R626,C14,C2,1761.12,35.22
R627,C14,C3,1933.12,38.66
R628,C14,C4,5911.45,118.23
R629,C14,C5,1971.52,39.43
R630,C14,C6,167.91,3.36
R631,C14,C7,1717.82,34.36
R632,C14,C8,2369.56,47.39
R633,C14,C9,1502.04,30.04
R634,C14,C10,416.87,8.34
R635,C14,C11,313.89,6.28
R636,C14,C12,1162.96,23.26
R637,C14,C13,786.66,15.73
R638,C14,C15,503.04,10.06
R639,C14,C16,620.9,12.42
R640,C14,C17,445.74,8.91
R641,C14,C18,2018.08,40.36
R642,C14,C19,516,10.32
R643,C14,C20,408.23,8.16
R644,C14,C21,477.91,9.56
R645,C14,C22,5900.91,118.02
R646,C14,C23,35.67,0.71
R647,C14,C24,6983.37,139.67
R648,C14,C25,408,8.16
R649,C14,C26,474.14,9.48
R650,C14,C27,220.48,4.41
R651,C14,C28,1019.19,20.38
R652,C14,C29,349.44,6.99
R653,C14,C30,625.54,12.51
R654,C14,C31,855.84,17.12
R655,C14,C32,775.88,15.52
R656,C14,C33,428.56,8.57
R657,C14,C34,345.86,6.92
R658,C14,C35,601.38,12.03
R659,C14,C36,336.06,6.72
R660,C14,C37,271.3,5.43
R661,C14,C38,9393.29,187.87
R662,C14,C39,451.31,9.03
R663,C14,C40,226.25,4.53
R664,C14,C41,5070.43,101.41
R665,C14,C42,388.88,7.78
R666,C14,C43,567.91,11.36
R667,C14,C44,8066.44,161.33
R668,C14,C45,493.17,9.86
R669,C14,C46,50.02,1
R670,C14,C47,1007.3,20.15
R671,C14,C48,673.92,13.48
R672,C14,C49,222.41,4.45
R673,C15,C1,934.7,18.69
R674,C15,C2,2081.68,41.63
R675,C15,C3,2430.33,48.61
R676,C15,C4,5555.98,111.12
R677,C15,C5,2471.31,49.43
R678,C15,C6,670.83,13.42
R679,C15,C7,1935.67,38.71
R680,C15,C8,2339.76,46.8
R681,C15,C9,1963.03,39.26
R682,C15,C10,903.25,18.07
R683,C15,C11,274.13,5.48
R684,C15,C12,1659.34,33.19
R685,C15,C13,1289.28,25.79
R686,C15,C14,503.04,10.06
R687,C15,C16,1122.79,22.46
R688,C15,C17,858.19,17.16
R689,C15,C18,2456.93,49.14
R690,C15,C19,950,19
R691,C15,C20,910.67,18.21
R692,C15,C21,33.84,0.68
R693,C15,C22,5399.4,107.99
R694,C15,C23,502.51,10.05
R695,C15,C24,6703.3,134.07
R696,C15,C25,905.45,18.11
R697,C15,C26,36.05,0.72
R698,C15,C27,311.55,6.23
R699,C15,C28,1465.12,29.3
R700,C15,C29,464.88,9.3
R701,C15,C30,126.47,2.53
R702,C15,C31,1354.69,27.09
R703,C15,C32,1202.62,24.05
R704,C15,C33,931.12,18.62
R705,C15,C34,827.53,16.55
R706,C15,C35,122.66,2.45
R707,C15,C36,237.96,4.76
R708,C15,C37,231.85,4.64
R709,C15,C38,9894.72,197.89
R710,C15,C39,318.08,6.36
R711,C15,C40,638.89,12.78
R712,C15,C41,4658.06,93.16
R713,C15,C42,887.59,17.75
R714,C15,C43,988.1,19.76
R715,C15,C44,7605.55,152.11
R716,C15,C45,929.44,18.59
R717,C15,C46,546.83,10.94
R718,C15,C47,1445.53,28.91
R719,C15,C48,1166.52,23.33
R720,C15,C49,694.98,13.9
R721,C16,C1,239.93,4.8
R722,C16,C2,1553.72,31.07
R723,C16,C3,1314.96,26.3
R724,C16,C4,6312.34,126.25
R725,C16,C5,1351.18,27.02
R726,C16,C6,455.09,9.1
R727,C16,C7,1676.61,33.53
R728,C16,C8,2581.71,51.63
R729,C16,C9,952.33,19.05
R730,C16,C10,251.66,5.03
R731,C16,C11,897.96,17.96
R732,C16,C12,548.97,10.98
R733,C16,C13,193.12,3.86
R734,C16,C14,620.9,12.42
R735,C16,C15,1122.79,22.46
R736,C16,C17,440.36,8.81
R737,C16,C18,1489.75,29.8
R738,C16,C19,374.28,7.49
R739,C16,C20,227.85,4.56
R740,C16,C21,1098.55,21.97
R741,C16,C22,6513.09,130.26
R742,C16,C23,620.47,12.41
R743,C16,C24,7267.89,145.36
R744,C16,C25,222.94,4.46
R745,C16,C26,1094.75,21.9
R746,C16,C27,833.74,16.67
R747,C16,C28,656.6,13.13
R748,C16,C29,858.38,17.17
R749,C16,C30,1243.05,24.86
R750,C16,C31,297.54,5.95
R751,C16,C32,447.87,8.96
R752,C16,C33,192.83,3.86
R753,C16,C34,322.52,6.45
R754,C16,C35,1214.53,24.29
R755,C16,C36,945.4,18.91
R756,C16,C37,891.72,17.83
R757,C16,C38,8772.46,175.45
R758,C16,C39,1028.02,20.56
R759,C16,C40,534.55,10.69
R760,C16,C41,5554.97,111.1
R761,C16,C42,237.95,4.76
R762,C16,C43,508.08,10.16
R763,C16,C44,8650,173
R764,C16,C45,371.86,7.44
R765,C16,C46,575.97,11.52
R766,C16,C47,670.85,13.42
R767,C16,C48,126.12,2.52
R768,C16,C49,445.13,8.9
R769,C17,C1,207.01,4.14
R770,C17,C2,1932.25,38.65
R771,C17,C3,1619.87,32.4
R772,C17,C4,5872.92,117.46
R773,C17,C5,1672.64,33.45
R774,C17,C6,369.9,7.4
R775,C17,C7,1986.02,39.72
R776,C17,C8,2760.85,55.22
R777,C17,C9,1106.98,22.14
R778,C17,C10,214.41,4.29
R779,C17,C11,589.99,11.8
R780,C17,C12,864.59,17.29
R781,C17,C13,631.07,12.62
R782,C17,C14,445.74,8.91
R783,C17,C15,858.19,17.16
R784,C17,C16,440.36,8.81
R785,C17,C18,1600.28,32.01
R786,C17,C19,97.81,1.96
R787,C17,C20,392.65,7.85
R788,C17,C21,844.17,16.88
R789,C17,C22,6158.1,123.16
R790,C17,C23,420.08,8.4
R791,C17,C24,6847.86,136.96
R792,C17,C25,277.83,5.56
R793,C17,C26,840.31,16.81
R794,C17,C27,649.03,12.98
R795,C17,C28,1065.56,21.31
R796,C17,C29,790.34,15.81
R797,C17,C30,958.67,19.17
R798,C17,C31,737.9,14.76
R799,C17,C32,345.19,6.9
R800,C17,C33,347.06,6.94
R801,C17,C34,192.86,3.86
R802,C17,C35,917.71,18.35
R803,C17,C36,761.13,15.22
R804,C17,C37,655.51,13.11
R805,C17,C38,9072.62,181.45
R806,C17,C39,892.17,17.84
R807,C17,C40,229.76,4.6
R808,C17,C41,5118.87,102.38
R809,C17,C42,283.97,5.68
R810,C17,C43,755.72,15.11
R811,C17,C44,8463.65,169.27
R812,C17,C45,83.21,1.66
R813,C17,C46,399.18,7.98
R814,C17,C47,1071.47,21.43
R815,C17,C48,400.78,8.02
R816,C17,C49,236.63,4.73
R817,C18,C1,1572.11,31.44
R818,C18,C2,2584.92,51.7
R819,C18,C3,746.72,14.93
R820,C18,C4,6386.07,127.72
R821,C18,C5,830.87,16.62
R822,C18,C6,1882.46,37.65
R823,C18,C7,2895.06,57.9
R824,C18,C8,3956.92,79.14
R825,C18,C9,538.87,10.78
R826,C18,C10,1609.6,32.19
R827,C18,C11,2185.1,43.7
R828,C18,C12,1016.07,20.32
R829,C18,C13,1442.2,28.84
R830,C18,C14,2018.08,40.36
R831,C18,C15,2456.93,49.14
R832,C18,C16,1489.75,29.8
R833,C18,C17,1600.28,32.01
R834,C18,C19,1512.5,30.25
R835,C18,C20,1705.24,34.1
R836,C18,C21,2444.07,48.88
R837,C18,C22,7508.83,150.18
R838,C18,C23,2000.8,40.02
R839,C18,C24,6924.59,138.49
R840,C18,C25,1638.63,32.77
R841,C18,C26,2440.23,48.8
R842,C18,C27,2235.81,44.72
R843,C18,C28,1826.69,36.53
R844,C18,C29,2324.09,46.48
R845,C18,C30,2551.17,51.02
R846,C18,C31,1480.19,29.6
R847,C18,C32,1255.09,25.1
R848,C18,C33,1653.37,33.07
R849,C18,C34,1674.51,33.49
R850,C18,C35,2506.55,50.13
R851,C18,C36,2351,47.02
R852,C18,C37,2254.34,45.09
R853,C18,C38,7540.02,150.8
R854,C18,C39,2467.11,49.34
R855,C18,C40,1826.48,36.53
R856,C18,C41,5970.05,119.4
R857,C18,C42,1660.01,33.2
R858,C18,C43,1968.52,39.37
R859,C18,C44,10055.01,201.1
R860,C18,C45,1534.3,30.69
R861,C18,C46,1968.09,39.36
R862,C18,C47,1865.44,37.31
R863,C18,C48,1385.76,27.72
R864,C18,C49,1796.26,35.93
R865,C19,C1,167.88,3.36
R866,C19,C2,1900.97,38.02
R867,C19,C3,1522.13,30.44
R868,C19,C4,5940.44,118.81
R869,C19,C5,1575.17,31.5
R870,C19,C6,414.27,8.29
R871,C19,C7,1977.35,39.55
R872,C19,C8,2787.59,55.75
R873,C19,C9,1013.27,20.27
R874,C19,C10,191.76,3.84
R875,C19,C11,684.27,13.69
R876,C19,C12,768.36,15.37
R877,C19,C13,558.82,11.18
R878,C19,C14,516,10.32
R879,C19,C15,950,19
R880,C19,C16,374.28,7.49
R881,C19,C17,97.81,1.96
R882,C19,C18,1512.5,30.25
R883,C19,C20,377.15,7.54
R884,C19,C21,934.77,18.7
R885,C19,C22,6255.3,125.11
R886,C19,C23,494.1,9.88
R887,C19,C24,6896.73,137.93
R888,C19,C25,257.42,5.15
R889,C19,C26,930.89,18.62
R890,C19,C27,727.48,14.55
R891,C19,C28,1019.41,20.39
R892,C19,C29,851.6,17.03
R893,C19,C30,1052.88,21.06
R894,C19,C31,668.95,13.38
R895,C19,C32,260.56,5.21
R896,C19,C33,322.68,6.45
R897,C19,C34,207.26,4.15
R898,C19,C35,1012.79,20.26
R899,C19,C36,841.46,16.83
R900,C19,C37,741.88,14.84
R901,C19,C38,8975.4,179.51
R902,C19,C39,966.78,19.34
R903,C19,C40,314.05,6.28
R904,C19,C41,5199.55,103.99
R905,C19,C42,270.32,5.41
R906,C19,C43,750.3,15.01
R907,C19,C44,8555.22,171.1
R908,C19,C45,22.91,0.46
R909,C19,C46,467.2,9.34
R910,C19,C47,1028.76,20.58
R911,C19,C48,315.98,6.32
R912,C19,C49,295.81,5.92
R913,C20,C1,211.56,4.23
R914,C20,C2,1540.6,30.81
R915,C20,C3,1539.6,30.79
R916,C20,C4,6221.87,124.44
R917,C20,C5,1573.2,31.46
R918,C20,C6,240.42,4.81
R919,C20,C7,1600.47,32.01
R920,C20,C8,2432.45,48.65
R921,C20,C9,1170.78,23.42
R922,C20,C10,185.73,3.71
R923,C20,C11,705.5,14.11
R924,C20,C12,776.33,15.53
R925,C20,C13,378.61,7.57
R926,C20,C14,408.23,8.16
R927,C20,C15,910.67,18.21
R928,C20,C16,227.85,4.56
R929,C20,C17,392.65,7.85
R930,C20,C18,1705.24,34.1
R931,C20,C19,377.15,7.54
R932,C20,C21,884.58,17.69
R933,C20,C22,6309.13,126.18
R934,C20,C23,414.1,8.28
R935,C20,C24,7228.9,144.58
R936,C20,C25,119.74,2.39
R937,C20,C26,880.87,17.62
R938,C20,C27,612.99,12.26
R939,C20,C28,691.51,13.83
R940,C20,C29,631.09,12.62
R941,C20,C30,1033.73,20.67
R942,C20,C31,450.7,9.01
R943,C20,C32,563.66,11.27
R944,C20,C33,60.43,1.21
R945,C20,C34,205.99,4.12
R946,C20,C35,1009.15,20.18
R947,C20,C36,722.35,14.45
R948,C20,C37,678.83,13.58
R949,C20,C38,8989.04,179.78
R950,C20,C39,800.52,16.01
R951,C20,C40,381.12,7.62
R952,C20,C41,5425.05,108.5
R953,C20,C42,109.14,2.18
R954,C20,C43,373.8,7.48
R955,C20,C44,8422.7,168.45
R956,C20,C45,361.86,7.24
R957,C20,C46,368.04,7.36
R958,C20,C47,692.06,13.84
R959,C20,C48,319.51,6.39
R960,C20,C49,278.64,5.57
R961,C21,C1,914.29,18.29
R962,C21,C2,2047.94,40.96
R963,C21,C3,2408.09,48.16
R964,C21,C4,5589.71,111.79
R965,C21,C5,2448.19,48.96
R966,C21,C6,645.31,12.91
R967,C21,C7,1903.36,38.07
R968,C21,C8,2316.89,46.34
R969,C21,C9,1947.06,38.94
R970,C21,C10,882.21,17.64
R971,C21,C11,267.04,5.34
R972,C21,C12,1637.16,32.74
R973,C21,C13,1263.13,25.26
R974,C21,C14,477.91,9.56
R975,C21,C15,33.84,0.68
R976,C21,C16,1098.55,21.97
R977,C21,C17,844.17,16.88
R978,C21,C18,2444.07,48.88
R979,C21,C19,934.77,18.7
R980,C21,C20,884.58,17.69
R981,C21,C22,5426.71,108.53
R982,C21,C23,479.11,9.58
R983,C21,C24,6736,134.72
R984,C21,C25,882.49,17.65
R985,C21,C26,3.9,0.08
R986,C21,C27,281.21,5.62
R987,C21,C28,1432.97,28.66
R988,C21,C29,431.05,8.62
R989,C21,C30,157.85,3.16
R990,C21,C31,1327.05,26.54
R991,C21,C32,1189.15,23.78
R992,C21,C33,906.44,18.13
R993,C21,C34,806.87,16.14
R994,C21,C35,156.5,3.13
R995,C21,C36,204.34,4.09
R996,C21,C37,206.83,4.14
R997,C21,C38,9870.99,197.42
R998,C21,C39,286.8,5.74
R999,C21,C40,622.23,12.44
R1000,C21,C41,4691.77,93.84
R1001,C21,C42,864.31,17.29
R1002,C21,C43,955.69,19.11
R1003,C21,C44,7620.46,152.41
R1004,C21,C45,913.89,18.28
R1005,C21,C46,522.76,10.46
R1006,C21,C47,1413.12,28.26
R1007,C21,C48,1144.89,22.9
R1008,C21,C49,674.53,13.49
R1009,C22,C1,6299.63,125.99
R1010,C22,C2,6992.44,139.85
R1011,C22,C3,7773.21,155.46
R1012,C22,C4,2779.33,55.59
R1013,C22,C5,7829.96,156.6
R1014,C22,C6,6068.74,121.37
R1015,C22,C7,6586.08,131.72
R1016,C22,C8,5787.47,115.75
R1017,C22,C9,7180.77,143.62
R1018,C22,C10,6274.74,125.49
R1019,C22,C11,5615.56,112.31
R1020,C22,C12,7021.21,140.42
R1021,C22,C13,6687.32,133.75
R1022,C22,C14,5900.91,118.02
R1023,C22,C15,5399.4,107.99
R1024,C22,C16,6513.09,130.26
R1025,C22,C17,6158.1,123.16
R1026,C22,C18,7508.83,150.18
R1027,C22,C19,6255.3,125.11
R1028,C22,C20,6309.13,126.18
R1029,C22,C21,5426.71,108.53
R1030,C22,C23,5896.38,117.93
R1031,C22,C24,3757.02,75.14
R1032,C22,C25,6290.77,125.82
R1033,C22,C26,5430.33,108.61
R1034,C22,C27,5704.93,114.1
R1035,C22,C28,6793.23,135.86
R1036,C22,C29,5769.19,115.38
R1037,C22,C30,5275.52,105.51
R1038,C22,C31,6753.71,135.07
R1039,C22,C32,6450.44,129.01
R1040,C22,C33,6325.2,126.5
R1041,C22,C34,6198.75,123.98
R1042,C22,C35,5300.5,106.01
R1043,C22,C36,5605.3,112.11
R1044,C22,C37,5630.9,112.62
R1045,C22,C38,9547.24,190.94
R1046,C22,C39,5572.07,111.44
R1047,C22,C40,5988.96,119.78
R1048,C22,C41,2183.94,43.68
R1049,C22,C42,6275.14,125.5
R1050,C22,C43,6330.99,126.62
R1051,C22,C44,2892.14,57.84
R1052,C22,C45,6241.01,124.82
R1053,C22,C46,5942.05,118.84
R1054,C22,C47,6762.91,135.26
R1055,C22,C48,6535.06,130.7
R1056,C22,C49,6069.86,121.4
R1057,C23,C1,440.71,8.81
R1058,C23,C2,1791.75,35.84
R1059,C23,C3,1929.18,38.58
R1060,C23,C4,5885.1,117.7
R1061,C23,C5,1969.11,39.38
R1062,C23,C6,174.94,3.5
R1063,C23,C7,1752.15,35.04
R1064,C23,C8,2404.51,48.09
R1065,C23,C9,1487.82,29.76
R1066,C23,C10,406.64,8.13
R1067,C23,C11,296.62,5.93
R1068,C23,C12,1158.38,23.17
R1069,C23,C13,791.08,15.82
R1070,C23,C14,35.67,0.71
R1071,C23,C15,502.51,10.05
R1072,C23,C16,620.47,12.41
R1073,C23,C17,420.08,8.4
R1074,C23,C18,2000.8,40.02
R1075,C23,C19,494.1,9.88
R1076,C23,C20,414.1,8.28
R1077,C23,C21,479.11,9.58
R1078,C23,C22,5896.38,117.93
R1079,C23,C24,6952.61,139.05
R1080,C23,C25,403.41,8.07
R1081,C23,C26,475.27,9.51
R1082,C23,C27,235.01,4.7
R1083,C23,C28,1040.66,20.81
R1084,C23,C29,380.84,7.62
R1085,C23,C30,622.76,12.46
R1086,C23,C31,864.03,17.28
R1087,C23,C32,754.57,15.09
R1088,C23,C33,429.54,8.59
R1089,C23,C34,333.35,6.67
R1090,C23,C35,595.88,11.92
R1091,C23,C36,350.41,7.01
R1092,C23,C37,272.56,5.45
R1093,C23,C38,9392.26,187.85
R1094,C23,C39,472.99,9.46
R1095,C23,C40,196.2,3.92
R1096,C23,C41,5048.94,100.98
R1097,C23,C42,385.22,7.7
R1098,C23,C43,594.98,11.9
R1099,C23,C44,8079.4,161.59
R1100,C23,C45,471.42,9.43
R1101,C23,C46,46.19,0.92
R1102,C23,C47,1029.88,20.6
R1103,C23,C48,667.09,13.34
R1104,C23,C49,204.99,4.1
R1105,C24,C1,7053.45,141.07
R1106,C24,C2,8744.35,174.89
R1107,C24,C3,7654.22,153.08
R1108,C24,C4,1351,27.02
R1109,C24,C5,7742.7,154.85
R1110,C24,C6,7081.37,141.63
R1111,C24,C7,8637.35,172.75
R1112,C24,C8,8616.32,172.33
R1113,C24,C9,7092.72,141.85
R1114,C24,C10,7061.87,141.24
R1115,C24,C11,6705.03,134.1
R1116,C24,C12,7389.58,147.79
R1117,C24,C13,7437.22,148.74
R1118,C24,C14,6983.37,139.67
R1119,C24,C15,6703.3,134.07
R1120,C24,C16,7267.89,145.36
R1121,C24,C17,6847.86,136.96
R1122,C24,C18,6924.59,138.49
R1123,C24,C19,6896.73,137.93
R1124,C24,C20,7228.9,144.58
R1125,C24,C21,6736,134.72
R1126,C24,C22,3757.02,75.14
R1127,C24,C23,6952.61,139.05
R1128,C24,C25,7123,142.46
R1129,C24,C26,6737.12,134.74
R1130,C24,C27,6941.8,138.84
R1131,C24,C28,7913.4,158.27
R1132,C24,C29,7155.01,143.1
R1133,C24,C30,6605.86,132.12
R1134,C24,C31,7550.32,151.01
R1135,C24,C32,6871.61,137.43
R1136,C24,C33,7191.75,143.84
R1137,C24,C34,7023.49,140.47
R1138,C24,C35,6584.85,131.7
R1139,C24,C36,6925.4,138.51
R1140,C24,C37,6837.65,136.75
R1141,C24,C38,7003.92,140.08
R1142,C24,C39,7019.45,140.39
R1143,C24,C40,6871.28,137.43
R1144,C24,C41,2453.91,49.08
R1145,C24,C42,7125.42,142.51
R1146,C24,C43,7539.8,150.8
R1147,C24,C44,5325.3,106.51
R1148,C24,C45,6902.71,138.05
R1149,C24,C46,6985.99,139.72
R1150,C24,C47,7918.72,158.37
R1151,C24,C48,7180.08,143.6
R1152,C24,C49,6971.06,139.42
R1153,C25,C1,93.45,1.87
R1154,C25,C2,1654.66,33.09
R1155,C25,C3,1525.84,30.52
R1156,C25,C4,6131.57,122.63
R1157,C25,C5,1565.87,31.32
R1158,C25,C6,250.02,5
R1159,C25,C7,1720.16,34.4
R1160,C25,C8,2544.15,50.88
R1161,C25,C9,1110.84,22.22
R1162,C25,C10,66.17,1.32
R1163,C25,C11,675.3,13.51
R1164,C25,C12,755.21,15.1
R1165,C25,C13,408.98,8.18
R1166,C25,C14,408,8.16
R1167,C25,C15,905.45,18.11
R1168,C25,C16,222.94,4.46
R1169,C25,C17,277.83,5.56
R1170,C25,C18,1638.63,32.77
R1171,C25,C19,257.42,5.15
R1172,C25,C20,119.74,2.39
R1173,C25,C21,882.49,17.65
R1174,C25,C22,6290.77,125.82
R1175,C25,C23,403.41,8.07
R1176,C25,C24,7123,142.46
R1177,C25,C26,878.65,17.57
R1178,C25,C27,626.3,12.53
R1179,C25,C28,791.64,15.83
R1180,C25,C29,685.49,13.71
R1181,C25,C30,1023.91,20.48
R1182,C25,C31,501.17,10.02
R1183,C25,C32,456.29,9.13
R1184,C25,C33,69.24,1.38
R1185,C25,C34,107.5,2.15
R1186,C25,C35,993.91,19.88
R1187,C25,C36,740.61,14.81
R1188,C25,C37,675.95,13.52
R1189,C25,C38,8989.34,179.79
R1190,C25,C39,837.61,16.75
R1191,C25,C40,314.5,6.29
R1192,C25,C41,5351.81,107.04
R1193,C25,C42,21.39,0.43
R1194,C25,C43,493.14,9.86
R1195,C25,C44,8465.72,169.31
R1196,C25,C45,242.23,4.84
R1197,C25,C46,360.61,7.21
R1198,C25,C47,795.73,15.91
R1199,C25,C48,267,5.34
R1200,C25,C49,222.26,4.45
R1201,C26,C1,910.4,18.21
R1202,C26,C2,2046.16,40.92
R1203,C26,C3,2404.23,48.08
R1204,C26,C4,5591.49,111.83
R1205,C26,C5,2444.36,48.89
R1206,C26,C6,641.57,12.83
R1207,C26,C7,1902.4,38.05
R1208,C26,C8,2317.97,46.36
R1209,C26,C9,1943.16,38.86
R1210,C26,C10,878.33,17.57
R1211,C26,C11,263.46,5.27
R1212,C26,C12,1633.3,32.67
R1213,C26,C13,1259.42,25.19
R1214,C26,C14,474.14,9.48
R1215,C26,C15,36.05,0.72
R1216,C26,C16,1094.75,21.9
R1217,C26,C17,840.31,16.81
R1218,C26,C18,2440.23,48.8
R1219,C26,C19,930.89,18.62
R1220,C26,C20,880.87,17.62
R1221,C26,C21,3.9,0.08
R1222,C26,C22,5430.33,108.61
R1223,C26,C23,475.27,9.51
R1224,C26,C24,6737.12,134.74
R1225,C26,C25,878.65,17.57
R1226,C26,C27,277.85,5.56
R1227,C26,C28,1429.98,28.6
R1228,C26,C29,429.1,8.58
R1229,C26,C30,160.91,3.22
R1230,C26,C31,1323.45,26.47
R1231,C26,C32,1185.3,23.71
R1232,C26,C33,902.66,18.05
R1233,C26,C34,802.98,16.06
R1234,C26,C35,158.59,3.17
R1235,C26,C36,201.92,4.04
R1236,C26,C37,203.03,4.06
R1237,C26,C38,9867.19,197.34
R1238,C26,C39,286.28,5.73
R1239,C26,C40,618.34,12.37
R1240,C26,C41,4694.11,93.88
R1241,C26,C42,860.48,17.21
R1242,C26,C43,952.76,19.06
R1243,C26,C44,7624.34,152.49
R1244,C26,C45,910.01,18.2
R1245,C26,C46,518.94,10.38
R1246,C26,C47,1410.19,28.2
R1247,C26,C48,1141.03,22.82
R1248,C26,C49,670.64,13.41
R1249,C27,C1,672.64,13.45
R1250,C27,C2,1816.14,36.32
R1251,C27,C3,2148.42,42.97
R1252,C27,C4,5827.55,116.55
R1253,C27,C5,2184.68,43.69
R1254,C27,C6,379.11,7.58
R1255,C27,C7,1715.93,34.32
R1256,C27,C8,2261.18,45.22
R1257,C27,C9,1722,34.44
R1258,C27,C10,637.33,12.75
R1259,C27,C11,247.63,4.95
R1260,C27,C12,1379.59,27.59
R1261,C27,C13,989.85,19.8
R1262,C27,C14,220.48,4.41
R1263,C27,C15,311.55,6.23
R1264,C27,C16,833.74,16.67
R1265,C27,C17,649.03,12.98
R1266,C27,C18,2235.81,44.72
R1267,C27,C19,727.48,14.55
R1268,C27,C20,612.99,12.26
R1269,C27,C21,281.21,5.62
R1270,C27,C22,5704.93,114.1
R1271,C27,C23,235.01,4.7
R1272,C27,C24,6941.8,138.84
R1273,C27,C25,626.3,12.53
R1274,C27,C26,277.85,5.56
R1275,C27,C28,1156.38,23.13
R1276,C27,C29,231.09,4.62
R1277,C27,C30,438.02,8.76
R1278,C27,C31,1049.19,20.98
R1279,C27,C32,988.03,19.76
R1280,C27,C33,640.97,12.82
R1281,C27,C34,566.1,11.32
R1282,C27,C35,426.02,8.52
R1283,C27,C36,115.7,2.31
R1284,C27,C37,104.82,2.1
R1285,C27,C38,9601.68,192.03
R1286,C27,C39,246.53,4.93
R1287,C27,C40,419.75,8.4
R1288,C27,C41,4951.66,99.03
R1289,C27,C42,606.58,12.13
R1290,C27,C43,681.4,13.63
R1291,C27,C44,7846.04,156.92
R1292,C27,C45,704.98,14.1
R1293,C27,C46,270.15,5.4
R1294,C27,C47,1138.14,22.76
R1295,C27,C48,893.02,17.86
R1296,C27,C49,439.84,8.8
R1297,C28,C1,860.1,17.2
R1298,C28,C2,904.14,18.08
R1299,C28,C3,1362.99,27.26
R1300,C28,C4,6910.51,138.21
R1301,C28,C5,1355.44,27.11
R1302,C28,C6,879.04,17.58
R1303,C28,C7,1095.32,21.91
R1304,C28,C8,2130.68,42.61
R1305,C28,C9,1319.55,26.39
R1306,C28,C10,851.76,17.04
R1307,C28,C11,1332.37,26.65
R1308,C28,C12,827.24,16.54
R1309,C28,C13,520.28,10.41
R1310,C28,C14,1019.19,20.38
R1311,C28,C15,1465.12,29.3
R1312,C28,C16,656.6,13.13
R1313,C28,C17,1065.56,21.31
R1314,C28,C18,1826.69,36.53
R1315,C28,C19,1019.41,20.39
R1316,C28,C20,691.51,13.83
R1317,C28,C21,1432.97,28.66
R1318,C28,C22,6793.23,135.86
R1319,C28,C23,1040.66,20.81
R1320,C28,C24,7913.4,158.27
R1321,C28,C25,791.64,15.83
R1322,C28,C26,1429.98,28.6
R1323,C28,C27,1156.38,23.13
R1324,C28,C29,1037.74,20.75
R1325,C28,C30,1590.79,31.82
R1326,C28,C31,419.29,8.39
R1327,C28,C32,1091.49,21.83
R1328,C28,C33,723.52,14.47
R1329,C28,C34,893.86,17.88
R1330,C28,C35,1582.27,31.65
R1331,C28,C36,1233.32,24.67
R1332,C28,C37,1252.05,25.04
R1333,C28,C38,8546.44,170.93
R1334,C28,C39,1234.57,24.69
R1335,C28,C40,1066.76,21.34
R1336,C28,C41,6089.51,121.79
R1337,C28,C42,790.65,15.81
R1338,C28,C43,478.08,9.56
R1339,C28,C44,8556.16,171.12
R1340,C28,C45,1012.1,20.24
R1341,C28,C46,997.93,19.96
R1342,C28,C47,41.52,0.83
R1343,C28,C48,762.46,15.25
R1344,C28,C49,963.76,19.28
R1345,C29,C1,755.31,15.11
R1346,C29,C2,1617.66,32.35
R1347,C29,C3,2157.81,43.16
R1348,C29,C4,6020.14,120.4
R1349,C29,C5,2184.7,43.69
R1350,C29,C6,445.41,8.91
R1351,C29,C7,1493.09,29.86
R1352,C29,C8,2039.82,40.8
R1353,C29,C9,1795.25,35.9
R1354,C29,C10,717.3,14.35
R1355,C29,C11,478.18,9.56
R1356,C29,C12,1404.13,28.08
R1357,C29,C13,980.64,19.61
R1358,C29,C14,349.44,6.99
R1359,C29,C15,464.88,9.3
R1360,C29,C16,858.38,17.17
R1361,C29,C17,790.34,15.81
R1362,C29,C18,2324.09,46.48
R1363,C29,C19,851.6,17.03
R1364,C29,C20,631.09,12.62
R1365,C29,C21,431.05,8.62
R1366,C29,C22,5769.19,115.38
R1367,C29,C23,380.84,7.62
R1368,C29,C24,7155.01,143.1
R1369,C29,C25,685.49,13.71
R1370,C29,C26,429.1,8.58
R1371,C29,C27,231.09,4.62
R1372,C29,C28,1037.74,20.75
R1373,C29,C30,581.1,11.62
R1374,C29,C31,1016.34,20.33
R1375,C29,C32,1106.56,22.13
R1376,C29,C33,676.23,13.52
R1377,C29,C34,659.26,13.19
R1378,C29,C35,587.51,11.75
R1379,C29,C36,230.95,4.62
R1380,C29,C37,326.7,6.53
R1381,C29,C38,9561.03,191.22
R1382,C29,C39,197.59,3.95
R1383,C29,C40,575.68,11.51
R1384,C29,C41,5120.11,102.4
R1385,C29,C42,664.12,13.28
R1386,C29,C43,563.67,11.27
R1387,C29,C44,7791.66,155.83
R1388,C29,C45,828.73,16.57
R1389,C29,C46,392.35,7.85
R1390,C29,C47,1012.99,20.26
R1391,C29,C48,944.42,18.89
R1392,C29,C49,556.81,11.14
R1393,C30,C1,1048.57,20.97
R1394,C30,C2,2192.82,43.86
R1395,C30,C3,2546.36,50.93
R1396,C30,C4,5445.81,108.92
R1397,C30,C5,2588.97,51.78
R1398,C30,C6,793.44,15.87
R1399,C30,C7,2031.49,40.63
R1400,C30,C8,2381.68,47.63
R1401,C30,C9,2065.64,41.31
R1402,C30,C10,1018.36,20.37
R1403,C30,C11,368.7,7.37
R1404,C30,C12,1775.62,35.51
R1405,C30,C13,1412.2,28.24
R1406,C30,C14,625.54,12.51
R1407,C30,C15,126.47,2.53
R1408,C30,C16,1243.05,24.86
R1409,C30,C17,958.67,19.17
R1410,C30,C18,2551.17,51.02
R1411,C30,C19,1052.88,21.06
R1412,C30,C20,1033.73,20.67
R1413,C30,C21,157.85,3.16
R1414,C30,C22,5275.52,105.51
R1415,C30,C23,622.76,12.46
R1416,C30,C24,6605.86,132.12
R1417,C30,C25,1023.91,20.48
R1418,C30,C26,160.91,3.22
R1419,C30,C27,438.02,8.76
R1420,C30,C28,1590.79,31.82
R1421,C30,C29,581.1,11.62
R1422,C30,C31,1479.33,29.59
R1423,C30,C32,1300.45,26.01
R1424,C30,C33,1052.25,21.04
R1425,C30,C34,942.14,18.84
R1426,C30,C35,53.19,1.06
R1427,C30,C36,360.04,7.2
R1428,C30,C37,355.61,7.11
R1429,C30,C38,10012.4,200.25
R1430,C30,C39,416.03,8.32
R1431,C30,C40,746.53,14.93
R1432,C30,C41,4539.06,90.78
R1433,C30,C42,1006.61,20.13
R1434,C30,C43,1113.41,22.27
R1435,C30,C44,7507.1,150.14
R1436,C30,C45,1033.13,20.66
R1437,C30,C46,667.83,13.36
R1438,C30,C47,1570.81,31.42
R1439,C30,C48,1282.24,25.64
R1440,C30,C49,809.66,16.19
R1441,C31,C1,535.94,10.72
R1442,C31,C2,1320.01,26.4
R1443,C31,C3,1155.04,23.1
R1444,C31,C4,6609.09,132.18
R1445,C31,C5,1174.26,23.49
R1446,C31,C6,689.34,13.79
R1447,C31,C7,1504.33,30.09
R1448,C31,C8,2494.21,49.88
R1449,C31,C9,950.15,19
R1450,C31,C10,543.09,10.86
R1451,C31,C11,1156.15,23.12
R1452,C31,C12,465.05,9.3
R1453,C31,C13,113.1,2.26
R1454,C31,C14,855.84,17.12
R1455,C31,C15,1354.69,27.09
R1456,C31,C16,297.54,5.95
R1457,C31,C17,737.9,14.76
R1458,C31,C18,1480.19,29.6
R1459,C31,C19,668.95,13.38
R1460,C31,C20,450.7,9.01
R1461,C31,C21,1327.05,26.54
R1462,C31,C22,6753.71,135.07
R1463,C31,C23,864.03,17.28
R1464,C31,C24,7550.32,151.01
R1465,C31,C25,501.17,10.02
R1466,C31,C26,1323.45,26.47
R1467,C31,C27,1049.19,20.98
R1468,C31,C28,419.29,8.39
R1469,C31,C29,1016.34,20.33
R1470,C31,C30,1479.33,29.59
R1471,C31,C32,687.88,13.76
R1472,C31,C33,448.4,8.97
R1473,C31,C34,607.65,12.15
R1474,C31,C35,1457.08,29.14
R1475,C31,C36,1151.81,23.04
R1476,C31,C37,1123.72,22.47
R1477,C31,C38,8557.13,171.14
R1478,C31,C39,1205.44,24.11
R1479,C31,C40,814.57,16.29
R1480,C31,C41,5850.04,117
R1481,C31,C42,510.4,10.21
R1482,C31,C43,517.1,10.34
R1483,C31,C44,8761.7,175.23
R1484,C31,C45,668.11,13.36
R1485,C31,C46,817.86,16.36
R1486,C31,C47,446.12,8.92
R1487,C31,C48,370.26,7.41
R1488,C31,C49,717.33,14.35
R1489,C32,C1,366.88,7.34
R1490,C32,C2,1994.61,39.89
R1491,C32,C3,1323.9,26.48
R1492,C32,C4,5979.97,119.6
R1493,C32,C5,1385.36,27.71
R1494,C32,C6,663.33,13.27
R1495,C32,C7,2123.45,42.47
R1496,C32,C8,2995.85,59.92
R1497,C32,C9,769.05,15.38
R1498,C32,C10,403.56,8.07
R1499,C32,C11,932.44,18.65
R1500,C32,C12,616.25,12.32
R1501,C32,C13,576.9,11.54
R1502,C32,C14,775.88,15.52
R1503,C32,C15,1202.62,24.05
R1504,C32,C16,447.87,8.96
R1505,C32,C17,345.19,6.9
R1506,C32,C18,1255.09,25.1
R1507,C32,C19,260.56,5.21
R1508,C32,C20,563.66,11.27
R1509,C32,C21,1189.15,23.78
R1510,C32,C22,6450.44,129.01
R1511,C32,C23,754.57,15.09
R1512,C32,C24,6871.61,137.43
R1513,C32,C25,456.29,9.13
R1514,C32,C26,1185.3,23.71
R1515,C32,C27,988.03,19.76
R1516,C32,C28,1091.49,21.83
R1517,C32,C29,1106.56,22.13
R1518,C32,C30,1300.45,26.01
R1519,C32,C31,687.88,13.76
R1520,C32,C33,503.24,10.06
R1521,C32,C34,449.14,8.98
R1522,C32,C35,1257.85,25.16
R1523,C32,C36,1101.87,22.04
R1524,C32,C37,1000.1,20
R1525,C32,C38,8745.64,174.91
R1526,C32,C39,1227,24.54
R1527,C32,C40,572.66,11.45
R1528,C32,C41,5293.08,105.86
R1529,C32,C42,475.56,9.51
R1530,C32,C43,926.26,18.53
R1531,C32,C44,8807.27,176.15
R1532,C32,C45,283.16,5.66
R1533,C32,C46,726.73,14.53
R1534,C32,C47,1110.11,22.2
R1535,C32,C48,330.15,6.6
R1536,C32,C49,554.39,11.09
R1537,C33,C1,155.21,3.1
R1538,C33,C2,1585.58,31.71
R1539,C33,C3,1507.55,30.15
R1540,C33,C4,6196.6,123.93
R1541,C33,C5,1544,30.88
R1542,C33,C6,262.27,5.25
R1543,C33,C7,1655,33.1
R1544,C33,C8,2492.82,49.86
R1545,C33,C9,1120.7,22.41
R1546,C33,C10,134.12,2.68
R1547,C33,C11,713.2,14.26
R1548,C33,C12,740.01,14.8
R1549,C33,C13,364.33,7.29
R1550,C33,C14,428.56,8.57
R1551,C33,C15,931.12,18.62
R1552,C33,C16,192.83,3.86
R1553,C33,C17,347.06,6.94
R1554,C33,C18,1653.37,33.07
R1555,C33,C19,322.68,6.45
R1556,C33,C20,60.43,1.21
R1557,C33,C21,906.44,18.13
R1558,C33,C22,6325.2,126.5
R1559,C33,C23,429.54,8.59
R1560,C33,C24,7191.75,143.84
R1561,C33,C25,69.24,1.38
R1562,C33,C26,902.66,18.05
R1563,C33,C27,640.97,12.82
R1564,C33,C28,723.52,14.47
R1565,C33,C29,676.23,13.52
R1566,C33,C30,1052.25,21.04
R1567,C33,C31,448.4,8.97
R1568,C33,C32,503.24,10.06
R1569,C33,C34,171.37,3.43
R1570,C33,C35,1025.02,20.5
R1571,C33,C36,752.94,15.06
R1572,C33,C37,699.7,13.99
R1573,C33,C38,8964.75,179.3
R1574,C33,C39,839.3,16.79
R1575,C33,C40,367.58,7.35
R1576,C33,C41,5410.92,108.22
R1577,C33,C42,67.62,1.35
R1578,C33,C43,431.42,8.63
R1579,C33,C44,8465.88,169.32
R1580,C33,C45,308.82,6.18
R1581,C33,C46,384.48,7.69
R1582,C33,C47,727.03,14.54
R1583,C33,C48,268.65,5.37
R1584,C33,C49,268.97,5.38
R1585,C34,C1,107.61,2.15
R1586,C34,C2,1745.83,34.92
R1587,C34,C3,1604.25,32.08
R1588,C34,C4,6025.38,120.51
R1589,C34,C5,1647.94,32.96
R1590,C34,C6,214.42,4.29
R1591,C34,C7,1793.17,35.86
R1592,C34,C8,2581.36,51.63
R1593,C34,C9,1156.22,23.12
R1594,C34,C10,76.48,1.53
R1595,C34,C11,584.86,11.7
R1596,C34,C12,833.76,16.68
R1597,C34,C13,512.74,10.25
R1598,C34,C14,345.86,6.92
R1599,C34,C15,827.53,16.55
R1600,C34,C16,322.52,6.45
R1601,C34,C17,192.86,3.86
R1602,C34,C18,1674.51,33.49
R1603,C34,C19,207.26,4.15
R1604,C34,C20,205.99,4.12
R1605,C34,C21,806.87,16.14
R1606,C34,C22,6198.75,123.98
R1607,C34,C23,333.35,6.67
R1608,C34,C24,7023.49,140.47
R1609,C34,C25,107.5,2.15
R1610,C34,C26,802.98,16.06
R1611,C34,C27,566.1,11.32
R1612,C34,C28,893.86,17.88
R1613,C34,C29,659.26,13.19
R1614,C34,C30,942.14,18.84
R1615,C34,C31,607.65,12.15
R1616,C34,C32,449.14,8.98
R1617,C34,C33,171.37,3.43
R1618,C34,C35,909.1,18.18
R1619,C34,C36,681.78,13.64
R1620,C34,C37,602.67,12.05
R1621,C34,C38,9070.48,181.41
R1622,C34,C39,792.6,15.85
R1623,C34,C40,212.35,4.25
R1624,C34,C41,5244.4,104.89
R1625,C34,C42,103.75,2.08
R1626,C34,C43,562.91,11.26
R1627,C34,C44,8412.11,168.24
R1628,C34,C45,186.34,3.73
R1629,C34,C46,295.99,5.92
R1630,C34,C47,896.17,17.92
R1631,C34,C48,340.34,6.81
R1632,C34,C49,132.59,2.65
R1633,C35,C1,1014.75,20.3
R1634,C35,C2,2203.95,44.08
R1635,C35,C3,2512.99,50.26
R1636,C35,C4,5433.74,108.67
R1637,C35,C5,2556.98,51.14
R1638,C35,C6,768.78,15.38
R1639,C35,C7,2053.11,41.06
R1640,C35,C8,2424.38,48.49
R1641,C35,C9,2024.48,40.49
R1642,C35,C10,985.52,19.71
R1643,C35,C11,329.14,6.58
R1644,C35,C12,1742.84,34.86
R1645,C35,C13,1386.89,27.74
R1646,C35,C14,601.38,12.03
R1647,C35,C15,122.66,2.45
R1648,C35,C16,1214.53,24.29
R1649,C35,C17,917.71,18.35
R1650,C35,C18,2506.55,50.13
R1651,C35,C19,1012.79,20.26
R1652,C35,C20,1009.15,20.18
R1653,C35,C21,156.5,3.13
R1654,C35,C22,5300.5,106.01
R1655,C35,C23,595.88,11.92
R1656,C35,C24,6584.85,131.7
R1657,C35,C25,993.91,19.88
R1658,C35,C26,158.59,3.17
R1659,C35,C27,426.02,8.52
R1660,C35,C28,1582.27,31.65
R1661,C35,C29,587.51,11.75
R1662,C35,C30,53.19,1.06
R1663,C35,C31,1457.08,29.14
R1664,C35,C32,1257.85,25.16
R1665,C35,C33,1025.02,20.5
R1666,C35,C34,909.1,18.18
R1667,C35,C36,360.19,7.2
R1668,C35,C37,335.83,6.72
R1669,C35,C38,9979.16,199.58
R1670,C35,C39,434.61,8.69
R1671,C35,C40,709.67,14.19
R1672,C35,C41,4535.86,90.72
R1673,C35,C42,977.19,19.54
R1674,C35,C43,1106.32,22.13
R1675,C35,C44,7550.63,151.01
R1676,C35,C45,993.46,19.87
R1677,C35,C46,641.57,12.83
R1678,C35,C47,1563.55,31.27
R1679,C35,C48,1249.45,24.99
R1680,C35,C49,777.05,15.54
R1681,C36,C1,788.25,15.76
R1682,C36,C2,1848.18,36.96
R1683,C36,C3,2260.36,45.21
R1684,C36,C4,5789.9,115.8
R1685,C36,C5,2295.4,45.91
R1686,C36,C6,492.14,9.84
R1687,C36,C7,1719.19,34.38
R1688,C36,C8,2204.52,44.09
R1689,C36,C9,1837.69,36.75
R1690,C36,C10,752.82,15.06
R1691,C36,C11,289.42,5.79
R1692,C36,C12,1492.53,29.85
R1693,C36,C13,1096.97,21.94
R1694,C36,C14,336.06,6.72
R1695,C36,C15,237.96,4.76
R1696,C36,C16,945.4,18.91
R1697,C36,C17,761.13,15.22
R1698,C36,C18,2351,47.02
R1699,C36,C19,841.46,16.83
R1700,C36,C20,722.35,14.45
R1701,C36,C21,204.34,4.09
R1702,C36,C22,5605.3,112.11
R1703,C36,C23,350.41,7.01
R1704,C36,C24,6925.4,138.51
R1705,C36,C25,740.61,14.81
R1706,C36,C26,201.92,4.04
R1707,C36,C27,115.7,2.31
R1708,C36,C28,1233.32,24.67
R1709,C36,C29,230.95,4.62
R1710,C36,C30,360.04,7.2
R1711,C36,C31,1151.81,23.04
R1712,C36,C32,1101.87,22.04
R1713,C36,C33,752.94,15.06
R1714,C36,C34,681.78,13.64
R1715,C36,C35,360.19,7.2
R1716,C36,C37,135.26,2.71
R1717,C36,C38,9708.04,194.16
R1718,C36,C39,152.27,3.05
R1719,C36,C40,531.39,10.63
R1720,C36,C41,4895.99,97.92
R1721,C36,C42,720.67,14.41
R1722,C36,C43,755.32,15.11
R1723,C36,C44,7730.39,154.61
R1724,C36,C45,819.08,16.38
R1725,C36,C46,385.81,7.72
R1726,C36,C47,1212.33,24.25
R1727,C36,C48,1007.54,20.15
R1728,C36,C49,555.36,11.11
R1729,C37,C1,710.27,14.21
R1730,C37,C2,1920.96,38.42
R1731,C37,C3,2201.74,44.03
R1732,C37,C4,5723.07,114.46
R1733,C37,C5,2241.46,44.83
R1734,C37,C6,439,8.78
R1735,C37,C7,1817.5,36.35
R1736,C37,C8,2336.38,46.73
R1737,C37,C9,1750.04,35
R1738,C37,C10,677.39,13.55
R1739,C37,C11,157.29,3.15
R1740,C37,C12,1430.92,28.62
R1741,C37,C13,1057.44,21.15
R1742,C37,C14,271.3,5.43
R1743,C37,C15,231.85,4.64
R1744,C37,C16,891.72,17.83
R1745,C37,C17,655.51,13.11
R1746,C37,C18,2254.34,45.09
R1747,C37,C19,741.88,14.84
R1748,C37,C20,678.83,13.58
R1749,C37,C21,206.83,4.14
R1750,C37,C22,5630.9,112.62
R1751,C37,C23,272.56,5.45
R1752,C37,C24,6837.65,136.75
R1753,C37,C25,675.95,13.52
R1754,C37,C26,203.03,4.06
R1755,C37,C27,104.82,2.1
R1756,C37,C28,1252.05,25.04
R1757,C37,C29,326.7,6.53
R1758,C37,C30,355.61,7.11
R1759,C37,C31,1123.72,22.47
R1760,C37,C32,1000.1,20
R1761,C37,C33,699.7,13.99
R1762,C37,C34,602.67,12.05
R1763,C37,C35,335.83,6.72
R1764,C37,C36,135.26,2.71
R1765,C37,C38,9664.16,193.28
R1766,C37,C39,287.49,5.75
R1767,C37,C40,427.86,8.56
R1768,C37,C41,4850.22,97
R1769,C37,C42,657.63,13.15
R1770,C37,C43,779.81,15.6
R1771,C37,C44,7816.32,156.33
R1772,C37,C45,720.24,14.4
R1773,C37,C46,315.94,6.32
R1774,C37,C47,1235.13,24.7
R1775,C37,C48,939.23,18.78
R1776,C37,C49,470.98,9.42
R1777,C38,C1,8964.48,179.29
R1778,C38,C2,8291.36,165.83
R1779,C38,C3,7466.27,149.33
R1780,C38,C4,8354.9,167.1
R1781,C38,C5,7423.61,148.47
R1782,C38,C6,9226.52,184.53
R1783,C38,C7,8658.94,173.18
R1784,C38,C8,9183.35,183.67
R1785,C38,C9,7978.21,159.56
R1786,C38,C10,8994.17,179.88
R1787,C38,C11,9651.62,193.03
R1788,C38,C12,8236.81,164.74
R1789,C38,C13,8611.88,172.24
R1790,C38,C14,9393.29,187.87
R1791,C38,C15,9894.72,197.89
R1792,C38,C16,8772.46,175.45
R1793,C38,C17,9072.62,181.45
R1794,C38,C18,7540.02,150.8
R1795,C38,C19,8975.4,179.51
R1796,C38,C20,8989.04,179.78
R1797,C38,C21,9870.99,197.42
R1798,C38,C22,9547.24,190.94
R1799,C38,C23,9392.26,187.85
R1800,C38,C24,7003.92,140.08
R1801,C38,C25,8989.34,179.79
R1802,C38,C26,9867.19,197.34
R1803,C38,C27,9601.68,192.03
R1804,C38,C28,8546.44,170.93
R1805,C38,C29,9561.03,191.22
R1806,C38,C30,10012.4,200.25
R1807,C38,C31,8557.13,171.14
R1808,C38,C32,8745.64,174.91
R1809,C38,C33,8964.75,179.3
R1810,C38,C34,9070.48,181.41
R1811,C38,C35,9979.16,199.58
R1812,C38,C36,9708.04,194.16
R1813,C38,C37,9664.16,193.28
R1814,C38,C39,9756.45,195.13
R1815,C38,C40,9270.42,185.41
R1816,C38,C41,9457.6,189.15
R1817,C38,C42,9007.13,180.14
R1818,C38,C43,9003.4,180.07
R1819,C38,C44,7260.36,145.21
R1820,C38,C45,8993.23,179.86
R1821,C38,C46,9348.27,186.97
R1822,C38,C47,8577.39,171.55
R1823,C38,C48,8730.24,174.6
R1824,C38,C49,9202.84,184.06
R1825,C39,C1,895.97,17.92
R1826,C39,C2,1779.18,35.58
R1827,C39,C3,2337.74,46.75
R1828,C39,C4,5860.91,117.22
R1829,C39,C5,2367.72,47.35
R1830,C39,C6,588.22,11.76
R1831,C39,C7,1618.56,32.37
R1832,C39,C8,2057.95,41.16
R1833,C39,C9,1946.17,38.92
R1834,C39,C10,859,17.18
R1835,C39,C11,439.82,8.8
R1836,C39,C12,1576.84,31.54
R1837,C39,C13,1163.16,23.26
R1838,C39,C14,451.31,9.03
R1839,C39,C15,318.08,6.36
R1840,C39,C16,1028.02,20.56
R1841,C39,C17,892.17,17.84
R1842,C39,C18,2467.11,49.34
R1843,C39,C19,966.78,19.34
R1844,C39,C20,800.52,16.01
R1845,C39,C21,286.8,5.74
R1846,C39,C22,5572.07,111.44
R1847,C39,C23,472.99,9.46
R1848,C39,C24,7019.45,140.39
R1849,C39,C25,837.61,16.75
R1850,C39,C26,286.28,5.73
R1851,C39,C27,246.53,4.93
R1852,C39,C28,1234.57,24.69
R1853,C39,C29,197.59,3.95
R1854,C39,C30,416.03,8.32
R1855,C39,C31,1205.44,24.11
R1856,C39,C32,1227,24.54
R1857,C39,C33,839.3,16.79
R1858,C39,C34,792.6,15.85
R1859,C39,C35,434.61,8.69
R1860,C39,C36,152.27,3.05
R1861,C39,C37,287.49,5.75
R1862,C39,C38,9756.45,195.13
R1863,C39,C40,664.12,13.28
R1864,C39,C41,4944.18,98.88
R1865,C39,C42,816.72,16.33
R1866,C39,C43,761.25,15.22
R1867,C39,C44,7628.33,152.57
R1868,C39,C45,944.02,18.88
R1869,C39,C46,500.85,10.02
R1870,C39,C47,1209.23,24.18
R1871,C39,C48,1103.1,22.06
R1872,C39,C49,673.59,13.47
R1873,C40,C1,310.71,6.21
R1874,C40,C2,1879.83,37.6
R1875,C40,C3,1805.54,36.11
R1876,C40,C4,5843.85,116.88
R1877,C40,C5,1852.14,37.04
R1878,C40,C6,218.31,4.37
R1879,C40,C7,1881.47,37.63
R1880,C40,C8,2585.03,51.7
R1881,C40,C9,1324.85,26.5
R1882,C40,C10,286.81,5.74
R1883,C40,C11,381.21,7.62
R1884,C40,C12,1037.5,20.75
R1885,C40,C13,723.35,14.47
R1886,C40,C14,226.25,4.53
R1887,C40,C15,638.89,12.78
R1888,C40,C16,534.55,10.69
R1889,C40,C17,229.76,4.6
R1890,C40,C18,1826.48,36.53
R1891,C40,C19,314.05,6.28
R1892,C40,C20,381.12,7.62
R1893,C40,C21,622.23,12.44
R1894,C40,C22,5988.96,119.78
R1895,C40,C23,196.2,3.92
R1896,C40,C24,6871.28,137.43
R1897,C40,C25,314.5,6.29
R1898,C40,C26,618.34,12.37
R1899,C40,C27,419.75,8.4
R1900,C40,C28,1066.76,21.34
R1901,C40,C29,575.68,11.51
R1902,C40,C30,746.53,14.93
R1903,C40,C31,814.57,16.29
R1904,C40,C32,572.66,11.45
R1905,C40,C33,367.58,7.35
R1906,C40,C34,212.35,4.25
R1907,C40,C35,709.67,14.19
R1908,C40,C36,531.39,10.63
R1909,C40,C37,427.86,8.56
R1910,C40,C38,9270.42,185.41
R1911,C40,C39,664.12,13.28
R1912,C40,C41,5044.79,100.9
R1913,C40,C42,304.17,6.08
R1914,C40,C43,673.22,13.46
R1915,C40,C44,8242.24,164.84
R1916,C40,C45,292.55,5.85
R1917,C40,C46,186.02,3.72
R1918,C40,C47,1063.62,21.27
R1919,C40,C48,546.44,10.93
R1920,C40,C49,103.12,2.06
R1921,C41,C1,5315.1,106.3
R1922,C41,C2,6713.97,134.28
R1923,C41,C3,6501.25,130.02
R1924,C41,C4,1103.33,22.07
R1925,C41,C5,6582.97,131.66
R1926,C41,C6,5213.64,104.27
R1927,C41,C7,6466.25,129.32
R1928,C41,C8,6202.89,124.06
R1929,C41,C9,5843.75,116.88
R1930,C41,C10,5306.97,106.14
R1931,C41,C11,4757.91,95.16
R1932,C41,C12,5907.05,118.14
R1933,C41,C13,5747.84,114.96
R1934,C41,C14,5070.43,101.41
R1935,C41,C15,4658.06,93.16
R1936,C41,C16,5554.97,111.1
R1937,C41,C17,5118.87,102.38
R1938,C41,C18,5970.05,119.4
R1939,C41,C19,5199.55,103.99
R1940,C41,C20,5425.05,108.5
R1941,C41,C21,4691.77,93.84
R1942,C41,C22,2183.94,43.68
R1943,C41,C23,5048.94,100.98
R1944,C41,C24,2453.91,49.08
R1945,C41,C25,5351.81,107.04
R1946,C41,C26,4694.11,93.88
R1947,C41,C27,4951.66,99.03
R1948,C41,C28,6089.51,121.79
R1949,C41,C29,5120.11,102.4
R1950,C41,C30,4539.06,90.78
R1951,C41,C31,5850.04,117
R1952,C41,C32,5293.08,105.86
R1953,C41,C33,5410.92,108.22
R1954,C41,C34,5244.4,104.89
R1955,C41,C35,4535.86,90.72
R1956,C41,C36,4895.99,97.92
R1957,C41,C37,4850.22,97
R1958,C41,C38,9457.6,189.15
R1959,C41,C39,4944.18,98.88
R1960,C41,C40,5044.79,100.9
R1961,C41,C42,5345.14,106.9
R1962,C41,C43,5628.09,112.56
R1963,C41,C44,4935.24,98.7
R1964,C41,C45,5195.34,103.91
R1965,C41,C46,5092.06,101.84
R1966,C41,C47,6077.45,121.55
R1967,C41,C48,5515.53,110.31
R1968,C41,C49,5146.55,102.93
R1969,C42,C1,110.4,2.21
R1970,C42,C2,1648.47,32.97
R1971,C42,C3,1544.44,30.89
R1972,C42,C4,6129.03,122.58
R1973,C42,C5,1583.89,31.68
R1974,C42,C6,229.5,4.59
R1975,C42,C7,1708.7,34.17
R1976,C42,C8,2526.66,50.53
R1977,C42,C9,1132.08,22.64
R1978,C42,C10,78.82,1.58
R1979,C42,C11,660.09,13.2
R1980,C42,C12,774.08,15.48
R1981,C42,C13,420.95,8.42
R1982,C42,C14,388.88,7.78
R1983,C42,C15,887.59,17.75
R1984,C42,C16,237.95,4.76
R1985,C42,C17,283.97,5.68
R1986,C42,C18,1660.01,33.2
R1987,C42,C19,270.32,5.41
R1988,C42,C20,109.14,2.18
R1989,C42,C21,864.31,17.29
R1990,C42,C22,6275.14,125.5
R1991,C42,C23,385.22,7.7
R1992,C42,C24,7125.42,142.51
R1993,C42,C25,21.39,0.43
R1994,C42,C26,860.48,17.21
R1995,C42,C27,606.58,12.13
R1996,C42,C28,790.65,15.81
R1997,C42,C29,664.12,13.28
R1998,C42,C30,1006.61,20.13
R1999,C42,C31,510.4,10.21
R2000,C42,C32,475.56,9.51
R2001,C42,C33,67.62,1.35
R2002,C42,C34,103.75,2.08
R2003,C42,C35,977.19,19.54
R2004,C42,C36,720.67,14.41
R2005,C42,C37,657.63,13.15
R2006,C42,C38,9007.13,180.14
R2007,C42,C39,816.72,16.33
R2008,C42,C40,304.17,6.08
R2009,C42,C41,5345.14,106.9
R2010,C42,C43,480.16,9.6
R2011,C42,C44,8444.93,168.9
R2012,C42,C45,253.99,5.08
R2013,C42,C46,341.93,6.84
R2014,C42,C47,793.61,15.87
R2015,C42,C48,287.28,5.75
R2016,C42,C49,208.97,4.18
R2017,C43,C1,585.34,11.71
R2018,C43,C2,1207.34,24.15
R2019,C43,C3,1668.41,33.37
R2020,C43,C4,6479.33,129.59
R2021,C43,C5,1682.59,33.65
R2022,C43,C6,458.91,9.18
R2023,C43,C7,1230.34,24.61
R2024,C43,C8,2075.73,41.51
R2025,C43,C9,1430.32,28.61
R2026,C43,C10,558.55,11.17
R2027,C43,C11,873.53,17.47
R2028,C43,C12,968.56,19.37
R2029,C43,C13,528.34,10.57
R2030,C43,C14,567.91,11.36
R2031,C43,C15,988.1,19.76
R2032,C43,C16,508.08,10.16
R2033,C43,C17,755.72,15.11
R2034,C43,C18,1968.52,39.37
R2035,C43,C19,750.3,15.01
R2036,C43,C20,373.8,7.48
R2037,C43,C21,955.69,19.11
R2038,C43,C22,6330.99,126.62
R2039,C43,C23,594.98,11.9
R2040,C43,C24,7539.8,150.8
R2041,C43,C25,493.14,9.86
R2042,C43,C26,952.76,19.06
R2043,C43,C27,681.4,13.63
R2044,C43,C28,478.08,9.56
R2045,C43,C29,563.67,11.27
R2046,C43,C30,1113.41,22.27
R2047,C43,C31,517.1,10.34
R2048,C43,C32,926.26,18.53
R2049,C43,C33,431.42,8.63
R2050,C43,C34,562.91,11.26
R2051,C43,C35,1106.32,22.13
R2052,C43,C36,755.32,15.11
R2053,C43,C37,779.81,15.6
R2054,C43,C38,9003.4,180.07
R2055,C43,C39,761.25,15.22
R2056,C43,C40,673.22,13.46
R2057,C43,C41,5628.09,112.56
R2058,C43,C42,480.16,9.6
R2059,C43,C44,8244.93,164.9
R2060,C43,C45,734.12,14.68
R2061,C43,C46,557.55,11.15
R2062,C43,C47,457.43,9.15
R2063,C43,C48,632.43,12.65
R2064,C43,C49,578.31,11.57
R2065,C44,C1,8518.61,170.37
R2066,C44,C2,8157.87,163.16
R2067,C44,C3,9908.05,198.16
R2068,C44,C4,5079.24,101.58
R2069,C44,C5,9909.95,198.2
R2070,C44,C6,8215.84,164.32
R2071,C44,C7,7727.85,154.56
R2072,C44,C8,6602.7,132.05
R2073,C44,C9,9566.33,191.33
R2074,C44,C10,8482.92,169.66
R2075,C44,C11,7874.83,157.5
R2076,C44,C12,9192.19,183.84
R2077,C44,C13,8755.34,175.11
R2078,C44,C14,8066.44,161.33
R2079,C44,C15,7605.55,152.11
R2080,C44,C16,8650,173
R2081,C44,C17,8463.65,169.27
R2082,C44,C18,10055.01,201.1
R2083,C44,C19,8555.22,171.1
R2084,C44,C20,8422.7,168.45
R2085,C44,C21,7620.46,152.41
R2086,C44,C22,2892.14,57.84
R2087,C44,C23,8079.4,161.59
R2088,C44,C24,5325.3,106.51
R2089,C44,C25,8465.72,169.31
R2090,C44,C26,7624.34,152.49
R2091,C44,C27,7846.04,156.92
R2092,C44,C28,8556.16,171.12
R2093,C44,C29,7791.66,155.83
R2094,C44,C30,7507.1,150.14
R2095,C44,C31,8761.7,175.23
R2096,C44,C32,8807.27,176.15
R2097,C44,C33,8465.88,169.32
R2098,C44,C34,8412.11,168.24
R2099,C44,C35,7550.63,151.01
R2100,C44,C36,7730.39,154.61
R2101,C44,C37,7816.32,156.33
R2102,C44,C38,7260.36,145.21
R2103,C44,C39,7628.33,152.57
R2104,C44,C40,8242.24,164.84
R2105,C44,C41,4935.24,98.7
R2106,C44,C42,8444.93,168.9
R2107,C44,C43,8244.93,164.9
R2108,C44,C45,8534.33,170.69
R2109,C44,C46,8116.19,162.32
R2110,C44,C47,8514.95,170.3
R2111,C44,C48,8731.38,174.63
R2112,C44,C49,8283.93,165.68
R2113,C45,C1,155.49,3.11
R2114,C45,C2,1890.43,37.81
R2115,C45,C3,1537.77,30.76
R2116,C45,C4,5940.98,118.82
R2117,C45,C5,1589.99,31.8
R2118,C45,C6,391.87,7.84
R2119,C45,C7,1962.32,39.25
R2120,C45,C8,2767.43,55.35
R2121,C45,C9,1033.62,20.67
R2122,C45,C10,176.12,3.52
R2123,C45,C11,664.67,13.29
R2124,C45,C12,781.41,15.63
R2125,C45,C13,559.02,11.18
R2126,C45,C14,493.17,9.86
R2127,C45,C15,929.44,18.59
R2128,C45,C16,371.86,7.44
R2129,C45,C17,83.21,1.66
R2130,C45,C18,1534.3,30.69
R2131,C45,C19,22.91,0.46
R2132,C45,C20,361.86,7.24
R2133,C45,C21,913.89,18.28
R2134,C45,C22,6241.01,124.82
R2135,C45,C23,471.42,9.43
R2136,C45,C24,6902.71,138.05
R2137,C45,C25,242.23,4.84
R2138,C45,C26,910.01,18.2
R2139,C45,C27,704.98,14.1
R2140,C45,C28,1012.1,20.24
R2141,C45,C29,828.73,16.57
R2142,C45,C30,1033.13,20.66
R2143,C45,C31,668.11,13.36
R2144,C45,C32,283.16,5.66
R2145,C45,C33,308.82,6.18
R2146,C45,C34,186.34,3.73
R2147,C45,C35,993.46,19.87
R2148,C45,C36,819.08,16.38
R2149,C45,C37,720.24,14.4
R2150,C45,C38,8993.23,179.86
R2151,C45,C39,944.02,18.88
R2152,C45,C40,292.55,5.85
R2153,C45,C41,5195.34,103.91
R2154,C45,C42,253.99,5.08
R2155,C45,C43,734.12,14.68
R2156,C45,C44,8534.33,170.69
R2157,C45,C46,444.34,8.89
R2158,C45,C47,1020.58,20.41
R2159,C45,C48,321.11,6.42
R2160,C45,C49,272.9,5.46
R2161,C46,C1,402.53,8.05
R2162,C46,C2,1758.52,35.17
R2163,C46,C3,1886.36,37.73
R2164,C46,C4,5924.42,118.49
R2165,C46,C5,1925.58,38.51
R2166,C46,C6,128.77,2.58
R2167,C46,C7,1728.39,34.57
R2168,C46,C8,2401.32,48.03
R2169,C46,C9,1452.11,29.04
R2170,C46,C10,367.45,7.35
R2171,C46,C11,342.19,6.84
R2172,C46,C12,1115.83,22.32
R2173,C46,C13,745.32,14.91
R2174,C46,C14,50.02,1
R2175,C46,C15,546.83,10.94
R2176,C46,C16,575.97,11.52
R2177,C46,C17,399.18,7.98
R2178,C46,C18,1968.09,39.36
R2179,C46,C19,467.2,9.34
R2180,C46,C20,368.04,7.36
R2181,C46,C21,522.76,10.46
R2182,C46,C22,5942.05,118.84
R2183,C46,C23,46.19,0.92
R2184,C46,C24,6985.99,139.72
R2185,C46,C25,360.61,7.21
R2186,C46,C26,518.94,10.38
R2187,C46,C27,270.15,5.4
R2188,C46,C28,997.93,19.96
R2189,C46,C29,392.35,7.85
R2190,C46,C30,667.83,13.36
R2191,C46,C31,817.86,16.36
R2192,C46,C32,726.73,14.53
R2193,C46,C33,384.48,7.69
R2194,C46,C34,295.99,5.92
R2195,C46,C35,641.57,12.83
R2196,C46,C36,385.81,7.72
R2197,C46,C37,315.94,6.32
R2198,C46,C38,9348.27,186.97
R2199,C46,C39,500.85,10.02
R2200,C46,C40,186.02,3.72
R2201,C46,C41,5092.06,101.84
R2202,C46,C42,341.93,6.84
R2203,C46,C43,557.55,11.15
R2204,C46,C44,8116.19,162.32
R2205,C46,C45,444.34,8.89
R2206,C46,C47,987.89,19.76
R2207,C46,C48,625.71,12.51
R2208,C46,C49,172.74,3.45
R2209,C47,C1,867.28,17.35
R2210,C47,C2,884.53,17.69
R2211,C47,C3,1404.5,28.09
R2212,C47,C4,6905.99,138.12
R2213,C47,C5,1396.83,27.94
R2214,C47,C6,871.28,17.43
R2215,C47,C7,1062.45,21.25
R2216,C47,C8,2091.61,41.83
R2217,C47,C9,1356.29,27.13
R2218,C47,C10,857.17,17.14
R2219,C47,C11,1319.56,26.39
R2220,C47,C12,863.47,17.27
R2221,C47,C13,543.35,10.87
R2222,C47,C14,1007.3,20.15
R2223,C47,C15,1445.53,28.91
R2224,C47,C16,670.85,13.42
R2225,C47,C17,1071.47,21.43
R2226,C47,C18,1865.44,37.31
R2227,C47,C19,1028.76,20.58
R2228,C47,C20,692.06,13.84
R2229,C47,C21,1413.12,28.26
R2230,C47,C22,6762.91,135.26
R2231,C47,C23,1029.88,20.6
R2232,C47,C24,7918.72,158.37
R2233,C47,C25,795.73,15.91
R2234,C47,C26,1410.19,28.2
R2235,C47,C27,1138.14,22.76
R2236,C47,C28,41.52,0.83
R2237,C47,C29,1012.99,20.26
R2238,C47,C30,1570.81,31.42
R2239,C47,C31,446.12,8.92
R2240,C47,C32,1110.11,22.2
R2241,C47,C33,727.03,14.54
R2242,C47,C34,896.17,17.92
R2243,C47,C35,1563.55,31.27
R2244,C47,C36,1212.33,24.25
R2245,C47,C37,1235.13,24.7
R2246,C47,C38,8577.39,171.55
R2247,C47,C39,1209.23,24.18
R2248,C47,C40,1063.62,21.27
R2249,C47,C41,6077.45,121.55
R2250,C47,C42,793.61,15.87
R2251,C47,C43,457.43,9.15
R2252,C47,C44,8514.95,170.3
R2253,C47,C45,1020.58,20.41
R2254,C47,C46,987.89,19.76
R2255,C47,C48,780.24,15.6
R2256,C47,C49,960.93,19.22
R2257,C48,C1,235.89,4.72
R2258,C48,C2,1664.76,33.3
R2259,C48,C3,1264.15,25.28
R2260,C48,C4,6249.25,124.98
R2261,C48,C5,1307.65,26.15
R2262,C48,C6,516.77,10.34
R2263,C48,C7,1799.43,35.99
R2264,C48,C8,2707.17,54.14
R2265,C48,C9,852.12,17.04
R2266,C48,C10,263.95,5.28
R2267,C48,C11,924.53,18.49
R2268,C48,C12,493.44,9.87
R2269,C48,C13,257.16,5.14
R2270,C48,C14,673.92,13.48
R2271,C48,C15,1166.52,23.33
R2272,C48,C16,126.12,2.52
R2273,C48,C17,400.78,8.02
R2274,C48,C18,1385.76,27.72
R2275,C48,C19,315.98,6.32
R2276,C48,C20,319.51,6.39
R2277,C48,C21,1144.89,22.9
R2278,C48,C22,6535.06,130.7
R2279,C48,C23,667.09,13.34
R2280,C48,C24,7180.08,143.6
R2281,C48,C25,267,5.34
R2282,C48,C26,1141.03,22.82
R2283,C48,C27,893.02,17.86
R2284,C48,C28,762.46,15.25
R2285,C48,C29,944.42,18.89
R2286,C48,C30,1282.24,25.64
R2287,C48,C31,370.26,7.41
R2288,C48,C32,330.15,6.6
R2289,C48,C33,268.65,5.37
R2290,C48,C34,340.34,6.81
R2291,C48,C35,1249.45,24.99
R2292,C48,C36,1007.54,20.15
R2293,C48,C37,939.23,18.78
R2294,C48,C38,8730.24,174.6
R2295,C48,C39,1103.1,22.06
R2296,C48,C40,546.44,10.93
R2297,C48,C41,5515.53,110.31
R2298,C48,C42,287.28,5.75
R2299,C48,C43,632.43,12.65
R2300,C48,C44,8731.38,174.63
R2301,C48,C45,321.11,6.42
R2302,C48,C46,625.71,12.51
R2303,C48,C47,780.24,15.6
R2304,C48,C49,472.61,9.45
R2305,C49,C1,239.78,4.8
R2306,C49,C2,1782.66,35.65
R2307,C49,C3,1736.69,34.73
R2308,C49,C4,5946.92,118.94
R2309,C49,C5,1779.94,35.6
R2310,C49,C6,139.34,2.79
R2311,C49,C7,1796.05,35.92
R2312,C49,C8,2531.01,50.62
R2313,C49,C9,1282.98,25.66
R2314,C49,C10,208.69,4.17
R2315,C49,C11,454.49,9.09
R2316,C49,C12,966.04,19.32
R2317,C49,C13,629.9,12.6
R2318,C49,C14,222.41,4.45
R2319,C49,C15,694.98,13.9
R2320,C49,C16,445.13,8.9
R2321,C49,C17,236.63,4.73
R2322,C49,C18,1796.26,35.93
R2323,C49,C19,295.81,5.92
R2324,C49,C20,278.64,5.57
R2325,C49,C21,674.53,13.49
R2326,C49,C22,6069.86,121.4
R2327,C49,C23,204.99,4.1
R2328,C49,C24,6971.06,139.42
R2329,C49,C25,222.26,4.45
R2330,C49,C26,670.64,13.41
R2331,C49,C27,439.84,8.8
R2332,C49,C28,963.76,19.28
R2333,C49,C29,556.81,11.14
R2334,C49,C30,809.66,16.19
R2335,C49,C31,717.33,14.35
R2336,C49,C32,554.39,11.09
R2337,C49,C33,268.97,5.38
R2338,C49,C34,132.59,2.65
R2339,C49,C35,777.05,15.54
R2340,C49,C36,555.36,11.11
R2341,C49,C37,470.98,9.42
R2342,C49,C38,9202.84,184.06
R2343,C49,C39,673.59,13.47
R2344,C49,C40,103.12,2.06
R2345,C49,C41,5146.55,102.93
R2346,C49,C42,208.97,4.18
R2347,C49,C43,578.31,11.57
R2348,C49,C44,8283.93,165.68
R2349,C49,C45,272.9,5.46
R2350,C49,C46,172.74,3.45
R2351,C49,C47,960.93,19.22
R2352,C49,C48,472.61,9.45